Title,Phone Number,Image URL,Direction Link,Address,Latitude,Longitude,Rating,time
"P3 Salon - Make Up Artist In Kanpur, Bridal Make Up Artist In Kanpur",8318804152,https://lh5.googleusercontent.com/p/AF1QipNxqVkRMfUFt5vVJm9xFRXJ3rZAz2Jg5DxXrGi_=w114-h114-n-k-no,"https://maps.google.com/maps?um=1&fb=1&gl=in&sa=X&geocode=KVVVVQUTOJw5MbxA1o90k4gi&daddr=F+-+5,+Moti+Vihar+Society,+117,+near+Rave+Moti,+K/13,+Kakadeo,+Kanpur,+Uttar+Pradesh+208025&ved=2ahUKEwjk8dHAl7mEAxUJ1YQAHekdBM0Q48ADegQIABAs","F - 5, Moti Vihar Society, 117, near Rave Moti, K/13, Kakadeo, Kanpur, Uttar Pradesh 208025",26.48024,80.29899,4.8,08:00 PM
The Glam House - Best Unisex Salon in Kanpur/Best Bridal Salon in Kanpur/Best Makeup Artist in Kanpur,9936000111,https://lh5.googleusercontent.com/p/AF1QipMlxuNOttGsvZHaMvYOblm5xeHf-m_QKCnAXlMY=w114-h114-n-k-no,"https://maps.google.com/maps?um=1&fb=1&gl=in&sa=X&geocode=KYPRsLtjOJw5MeDiWEeODjVb&daddr=SGM+Plaza+2,+Mandakini+Hotel+Basement,+7/135,+Chat+Chauraha,+Khalasi+Line,+Swaroop+Nagar,+Kanpur,+Uttar+Pradesh+208002&ved=2ahUKEwjk8dHAl7mEAxUJ1YQAHekdBM0Q48ADegQIABA2","SGM Plaza 2, Mandakini Hotel Basement, 7/135, Chat Chauraha, Khalasi Line, Swaroop Nagar, Kanpur, Uttar Pradesh 208002",26.483355089522,80.312572656148,4.5,6:30 PM
Kanpur Best Beauty Parlour,7388781666,https://lh5.googleusercontent.com/p/AF1QipO46Fvh7HkYzYHBiCIT8u8HftRydJqZ6qAWi8mv=w114-h114-n-k-no,"https://maps.google.com/maps?um=1&fb=1&gl=in&sa=X&geocode=KRP0f3nXOZw5MQ2i42BrNyU2&daddr=7/182-+b,+Swaroop+nagar+Gastro+liver+hospital+road,+opp.+Baijnath+jewellers,+Kanpur,+Uttar+Pradesh+208002&ved=2ahUKEwjk8dHAl7mEAxUJ1YQAHekdBM0Q48ADegQIABA_","7/182- b, Swaroop nagar Gastro liver hospital road, opp. Baijnath jewellers, Kanpur, Uttar Pradesh 208002",26.48279,80.31326,4.7,6:30 PM
Jawed Habib P Road Kanpur - Unisex Salon - Makeup Artist/ / Best Bridal Salon in Kanpur/ Best salon in kanpur /,7991424320,https://lh5.googleusercontent.com/p/AF1QipMSilNmg5WSfH7cUSQTVHIrcEZq30nsnWF2Tfxv=w114-h114-n-k-no,"https://maps.google.com/maps?um=1&fb=1&gl=in&sa=X&geocode=KRnNQfgvOZw5Mdm9aLPR1W7r&daddr=104+A+/+229+A,+P+Road,+Uttar+Pradesh+208012&ved=2ahUKEwjk8dHAl7mEAxUJ1YQAHekdBM0Q48ADegQIABBH","104 A / 229 A, P Road, Uttar Pradesh 208012",26.466465458393,80.325527182346,4.5,6:30 PM
Orchid Professional Salon & Academy,9169662042,https://lh5.googleusercontent.com/p/AF1QipM3I6E3W7aonWBO1Alu0T-qHk2K8_8vPQYO8Bxk=w114-h114-n-k-no,"https://maps.google.com/maps?um=1&fb=1&gl=in&sa=X&geocode=KbPjIEvhOZw5MQ35G444kw0Y&daddr=Besides+Guru+Nanak+Girls+School+%28,+Mariampur+Rd,+above+Perfect+Opticians,+Gumti+No.5,+Kaushalpuri,+Kanpur,+Uttar+Pradesh+208012&ved=2ahUKEwjk8dHAl7mEAxUJ1YQAHekdBM0Q48ADegQIABBR","Besides Guru Nanak Girls School (, Mariampur Rd, above Perfect Opticians, Gumti No.5, Kaushalpuri, Kanpur, Uttar Pradesh 208012",26.467253522103,80.3118946381,4.6,08:00 PM
Krista Unisex Salon,8874445505,https://lh5.googleusercontent.com/p/AF1QipMLNRXAEj1YlLs-FMx6mm9pSfTzAlsBOwOy1pFN=w114-h114-n-k-no,"https://maps.google.com/maps?um=1&fb=1&gl=in&sa=X&geocode=KbHXox2KOZw5Md4CIab3LxWH&daddr=117,+H-1,+near+Candy+Floss+School,+Pandu+Nagar,+Kanpur,+Uttar+Pradesh+208005&ved=2ahUKEwjk8dHAl7mEAxUJ1YQAHekdBM0Q48ADegQIABBa","117, H-1, near Candy Floss School, Pandu Nagar, Kanpur, Uttar Pradesh 208005",26.47252,80.30348,4.7,6:30 PM
Peluqueria - Unisex Salon & Makeup Artists,8177090909,https://lh5.googleusercontent.com/p/AF1QipOoXg0KqgGC42dXDpMy-5rEd5n1Ojp9R7kg3rd9=w114-h114-n-k-no,"https://maps.google.com/maps?um=1&fb=1&gl=in&sa=X&geocode=Kc-v4NdBOZw5Md7rEwOt_FHo&daddr=113/147+First+Floor,+near+Domino%27s+Pizza,+Swaroop+Nagar,+Kanpur,+Uttar+Pradesh+208002&ved=2ahUKEwjk8dHAl7mEAxUJ1YQAHekdBM0Q48ADegQIABBi","113/147 First Floor, near Domino's Pizza, Swaroop Nagar, Kanpur, Uttar Pradesh 208002",26.47949,80.30917,4.7,6:30 PM
Lakme salon Shanti Nagar,7379478000,https://lh5.googleusercontent.com/p/AF1QipMv7CW_q9Cs0Tjj33ROu7AMrDw0i0Op2Z_8k6gP=w114-h114-n-k-no,"https://maps.google.com/maps?um=1&fb=1&gl=in&sa=X&geocode=KUNPhWVMR5w5MWpqCoFKYgGQ&daddr=A-2,+Shanti+Nagar,+Cantt,+opposite+Pandit+Hotel,+Kanpur,+Uttar+Pradesh+208001&ved=2ahUKEwjk8dHAl7mEAxUJ1YQAHekdBM0Q48ADegQIABBr","A-2, Shanti Nagar, Cantt, opposite Pandit Hotel, Kanpur, Uttar Pradesh 208001",26.47108,80.351435173,4.7,08:00 PM
Beauty Lab,8881727374,https://lh5.googleusercontent.com/p/AF1QipP-u_Qp35xwoGxlg0Keom4dNt_YojUd9OZGMOya=w114-h114-n-k-no,"https://maps.google.com/maps?um=1&fb=1&gl=in&sa=X&geocode=KacbnaWyOZw5MR4QiaxSx-E4&daddr=14/76+M,+near+merchant+chamber,+opp.+McRobert+Hospital+Gate,+Civil+Lines,+Kanpur,+Uttar+Pradesh+208001&ved=2ahUKEwjk8dHAl7mEAxUJ1YQAHekdBM0Q48ADegQIABB0","14/76 M, near merchant chamber, opp. McRobert Hospital Gate, Civil Lines, Kanpur, Uttar Pradesh 208001",26.48215,80.34352,4.8,6:30 PM
"Crona Unisex Salon - Kidwai Nagar, Kanpur",9044224409,https://lh5.googleusercontent.com/p/AF1QipPf2vf69n-4r8_Ug-lCf_c-s8U_j1bgO_EQGxje=w114-h114-n-k-no,"https://maps.google.com/maps?um=1&fb=1&gl=in&sa=X&geocode=KRe9_yNDR5w5Mal2p6C_5qbS&daddr=133/161,+main+street,+M+Block,+Kidwai+Nagar,+Kanpur,+Uttar+Pradesh+208011&ved=2ahUKEwjk8dHAl7mEAxUJ1YQAHekdBM0Q48ADegQIABB9","133/161, main street, M Block, Kidwai Nagar, Kanpur, Uttar Pradesh 208011",26.429279112016,80.334559516243,4.4,08:00 PM
Geetanjali Salon,6391022525,https://lh5.googleusercontent.com/p/AF1QipP6r1xTm1n6d9Ur_jtN3VEv_zaPhWMZ79VLK1qd=w114-h114-n-k-no,"https://maps.google.com/maps?um=1&fb=1&gl=in&sa=X&geocode=KY2xnbjaOZw5MRPCNcKy2QhQ&daddr=Preminses+No+113/168,+First+Floor,+Swaroop+Nagar,+Kanpur,+Uttar+Pradesh+208002&ved=2ahUKEwjk8dHAl7mEAxUJ1YQAHekdBM0Q48ADegUIABCHAQ","Preminses No 113/168, First Floor, Swaroop Nagar, Kanpur, Uttar Pradesh 208002",26.483355089522,80.312572656148,4.4,6:30 PM
Looks Salon Swaroop Nagar,8810762020,https://lh5.googleusercontent.com/p/AF1QipP-0JFaG7umn0M5-cc2RvEsdguNQSu0CHKAlusF=w114-h114-n-k-no,"https://maps.google.com/maps?um=1&fb=1&gl=in&sa=X&geocode=KfugMtUjOZw5MRWOJP5At3a5&daddr=7/171-C,+Ground+Floor,+opposite+Tirupati+Towers,+Swaroop+Nagar,+Kanpur,+Uttar+Pradesh+208002&ved=2ahUKEwjk8dHAl7mEAxUJ1YQAHekdBM0Q48ADegUIABCRAQ","7/171-C, Ground Floor, opposite Tirupati Towers, Swaroop Nagar, Kanpur, Uttar Pradesh 208002",26.484811507295,80.316372212783,4.6,08:00 PM
Vandna's Salon,8955473788,https://lh5.googleusercontent.com/p/AF1QipNKKv4kmVbeKFTQd_GCDSPiZNmKphnUjuf8moXr=w114-h114-n-k-no,"https://maps.google.com/maps?um=1&fb=1&gl=in&sa=X&geocode=KTXq0YfpOZw5MY5feRI2JXoc&daddr=4/281,+Parwati+Bagla+Rd,+Tilak+Nagar,+Kanpur,+Uttar+Pradesh+208002&ved=2ahUKEwjk8dHAl7mEAxUJ1YQAHekdBM0Q48ADegUIABCcAQ","4/281, Parwati Bagla Rd, Tilak Nagar, Kanpur, Uttar Pradesh 208002",26.491320019817,80.320970025063,4.7,08:00 PM
Skin Hub Unisex salon,8090904445,https://lh5.googleusercontent.com/p/AF1QipNL5HpOQiLr8i2iT8O1a0u5X6LojCj8EPCCvdON=w114-h114-n-k-no,"https://maps.google.com/maps?um=1&fb=1&gl=in&sa=X&geocode=KV3D8R3bOZw5MfzV870HcPuz&daddr=Shop+No.2,+112/292,+opp.+Canara+Bank,+Swaroop+Nagar,+Kanpur,+Uttar+Pradesh+208002&ved=2ahUKEwjk8dHAl7mEAxUJ1YQAHekdBM0Q48ADegUIABCkAQ","Shop No.2, 112/292, opp. Canara Bank, Swaroop Nagar, Kanpur, Uttar Pradesh 208002",26.48245,80.31801,4.9,6:30 PM
Green Trends Unisex Hair & Style Salon,7236016666,https://lh5.googleusercontent.com/p/AF1QipPgDSX8CtbsehKDXn-M1mn5rt5CswHipNH7OV8P=w114-h114-n-k-no,"https://maps.google.com/maps?um=1&fb=1&gl=in&sa=X&geocode=KaOTvKaxOZw5Mcyep2-A5N_Z&daddr=1st+and+2nd+Floor,+7/90+A+3,+near+Rajeev+Petrol+Pump,+Tilak+Nagar,+Kanpur,+Uttar+Pradesh+208002&ved=2ahUKEwjk8dHAl7mEAxUJ1YQAHekdBM0Q48ADegUIABCuAQ","1st and 2nd Floor, 7/90 A 3, near Rajeev Petrol Pump, Tilak Nagar, Kanpur, Uttar Pradesh 208002",26.47594,80.31486,4.8,08:00 PM
Lorange Hair&Beauty Unisex Salon,8188807791,https://lh5.googleusercontent.com/p/AF1QipMuCkGTB8_kWj8E9gRbmaiswIMoHz89LAlErr0=w114-h114-n-k-no,"https://maps.google.com/maps?um=1&fb=1&gl=in&sa=X&geocode=KfHD2rM_QZw5MavbMN3Z80c4&daddr=51-+C+Chandra+Nagar+Near+KDA+Chauraha,+adjacent+Kingston+kids+school,+Pokharpur,+Lal+Bangla,+J+K+Puri,+Kanpur,+Uttar+Pradesh+208007&ved=2ahUKEwjk8dHAl7mEAxUJ1YQAHekdBM0Q48ADegUIABC2AQ","51- C Chandra Nagar Near KDA Chauraha, adjacent Kingston kids school, Pokharpur, Lal Bangla, J K Puri, Kanpur, Uttar Pradesh 208007",26.426502009899,80.387121838236,4.6,6:30 PM
B Glam Unisex Salon & Academy - ( Schwarzkopf Professional ),8115828404,https://lh5.googleusercontent.com/p/AF1QipNP6B_FmeqMA6UNTOYjo9LCJC-Wjjam9zpkoRY=w114-h114-n-k-no,"https://maps.google.com/maps?um=1&fb=1&gl=in&sa=X&geocode=Kd8nxTeKR5w5MYu9tIayYxyf&daddr=128/3,+near+Sote+Baba+Hanuman+Mandir,+G-Block,+Kidwai+Nagar,+Kanpur,+Uttar+Pradesh+208011&ved=2ahUKEwjk8dHAl7mEAxUJ1YQAHekdBM0Q48ADegUIABC_AQ","128/3, near Sote Baba Hanuman Mandir, G-Block, Kidwai Nagar, Kanpur, Uttar Pradesh 208011",26.43172,80.3246,4.7,09:00 PM
JHB Kidwai Nagar - The Salon - Makeup Studio / Makeup Artist / Best Bridal Salon in Kanpur/ Best salon in kanpur,8881112231,https://lh5.googleusercontent.com/p/AF1QipPa-P_AcN9LnauIdynoTCyCNRZbX7JSPzLHVDRw=w114-h114-n-k-no,"https://maps.google.com/maps?um=1&fb=1&gl=in&sa=X&geocode=KV91CpEaR5w5MSh_g0Uv0zWQ&daddr=Shop+No-+128,+10,+Kidwai+Nagar+Bypass+Rd,+near+Hanuman+Mandir,+D+Block,+Kidwai+Nagar,+Kanpur,+Uttar+Pradesh+208011&ved=2ahUKEwjk8dHAl7mEAxUJ1YQAHekdBM0Q48ADegUIABDIAQ","Shop No- 128, 10, Kidwai Nagar Bypass Rd, near Hanuman Mandir, D Block, Kidwai Nagar, Kanpur, Uttar Pradesh 208011",26.439360015299,80.336969988577,4.1,6:30 PM
The Jawed Habib Salon in Barra Bypass | Unisex Salon in Kanpur | Best Salon in Kanpur | Best Bridal Salon in Kanpur,6306150816,https://lh5.googleusercontent.com/p/AF1QipMHxbGuHfxxnHHlDsQs5nx5_dhpGAb6WNJRzFUM=w114-h114-n-k-no,"https://maps.google.com/maps?um=1&fb=1&gl=in&sa=X&geocode=Keu-qogYR5w5MVJCChDefhLf&daddr=MIG-20+First+Floor+Hemant+Vihar,+Bypass+Chauraha,+above+Vishal+Diagnostic,+next+to+Shri+Ram+Misthan,+Barra,+Kanpur,+Uttar+Pradesh+208027&ved=2ahUKEwjk8dHAl7mEAxUJ1YQAHekdBM0Q48ADegUIABDSAQ","MIG-20 First Floor Hemant Vihar, Bypass Chauraha, above Vishal Diagnostic, next to Shri Ram Misthan, Barra, Kanpur, Uttar Pradesh 208027",26.428203926808,80.29121342028,4.4,08:00 PM
L'oreal R Salon,9555726946,https://lh5.googleusercontent.com/p/AF1QipO2VPkfx1UxDJDRpIhn0hgAi6VenBLt-pTB9e2l=w114-h114-n-k-no,"https://maps.google.com/maps?um=1&fb=1&gl=in&sa=X&geocode=KR1QnaFjOJw5MWmLichlArMS&daddr=Nadari+Market+Building,+113-166,+Chat+Chauraha,+Khalasi+Line,+Swaroop+Nagar,+Kanpur,+Uttar+Pradesh+208001&ved=2ahUKEwirudDyl7mEAxUUwoQAHbtLD3AQ48ADegQIABAq","Nadari Market Building, 113-166, Chat Chauraha, Khalasi Line, Swaroop Nagar, Kanpur, Uttar Pradesh 208001",26.487219346231,80.328112332222,4.4,08:00 PM
Vandna's Salon,8795358358,https://lh5.googleusercontent.com/p/AF1QipMpvFFmOLnZKKZDNRaAOduwKreJgwlv2wa1s9Ih=w114-h114-n-k-no,"https://maps.google.com/maps?um=1&fb=1&gl=in&sa=X&geocode=KWEwAr9jOJw5MebY4bNv8NPC&daddr=Next,+Civil+Lines,+13/388,+VIP+Rd,+near+Green+Paqrk+Crossing,+Green+Park,+Crossing,+Kanpur,+Uttar+Pradesh+208001&ved=2ahUKEwirudDyl7mEAxUUwoQAHbtLD3AQ48ADegQIABA0","Next, Civil Lines, 13/388, VIP Rd, near Green Paqrk Crossing, Green Park, Crossing, Kanpur, Uttar Pradesh 208001",26.486550004448,80.306319967055,4.3,6:30 PM
Lakme,7379656000,https://lh5.googleusercontent.com/p/AF1QipPfG8WxK4PNW5uJ-Wz58yEjwSEVazISscxPS9g8=w114-h114-n-k-no,"https://maps.google.com/maps?um=1&fb=1&gl=in&sa=X&geocode=Kf1IE0-XR5w5MXufGv0S7kbl&daddr=Shop+No:15,+Vidyarthi+Market,+Govind+Nagar,+Kanpur,+Uttar+Pradesh+208006&ved=2ahUKEwirudDyl7mEAxUUwoQAHbtLD3AQ48ADegQIABA-","Shop No:15, Vidyarthi Market, Govind Nagar, Kanpur, Uttar Pradesh 208006",26.447604912764,80.300091718953,4.8,08:00 PM
Artist group beauty salon,8182055027,https://lh5.googleusercontent.com/p/AF1QipO9ZLCgvJD8OdEL7FH-eQxG_tPa6jqgP8MkNmoN=w114-h114-n-k-no,"https://maps.google.com/maps?um=1&fb=1&gl=in&sa=X&geocode=KeVdhzxcR5w5Mfn65GJKiuor&daddr=Shop+no+37,+Near+Chawla+Market,+bangali+colony,+Govind+Nagar,+Kanpur,+Uttar+Pradesh+208006&ved=2ahUKEwirudDyl7mEAxUUwoQAHbtLD3AQ48ADegQIABBJ","Shop no 37, Near Chawla Market, bangali colony, Govind Nagar, Kanpur, Uttar Pradesh 208006",26.44927,80.30951,4.9,6:30 PM
JHB Kidwai Nagar - The Salon - Makeup Studio / Makeup Artist / Best Bridal Salon in Kanpur/ Best salon in kanpur,8115828404,https://lh5.googleusercontent.com/p/AF1QipPa-P_AcN9LnauIdynoTCyCNRZbX7JSPzLHVDRw=w114-h114-n-k-no,"https://maps.google.com/maps?um=1&fb=1&gl=in&sa=X&geocode=KV91CpEaR5w5MSh_g0Uv0zWQ&daddr=Shop+No-+128,+10,+Kidwai+Nagar+Bypass+Rd,+near+Hanuman+Mandir,+D+Block,+Kidwai+Nagar,+Kanpur,+Uttar+Pradesh+208011&ved=2ahUKEwirudDyl7mEAxUUwoQAHbtLD3AQ48ADegQIABBU","Shop No- 128, 10, Kidwai Nagar Bypass Rd, near Hanuman Mandir, D Block, Kidwai Nagar, Kanpur, Uttar Pradesh 208011",26.439360015299,80.336969988577,4.1,08:00 PM
SINH Salon,8429113113,https://lh5.googleusercontent.com/p/AF1QipO18auH8e4F-df1qxsRMPyxar8SgAuB7CFAJbRB=w114-h114-n-k-no,"https://maps.google.com/maps?um=1&fb=1&gl=in&sa=X&geocode=KXcBkGVvOJw5Manb9-VJwvAh&daddr=113,+113,+Khalasi+Line,+Swaroop+Nagar,+Kanpur,+Uttar+Pradesh+208002&ved=2ahUKEwirudDyl7mEAxUUwoQAHbtLD3AQ48ADegQIABBe","113, 113, Khalasi Line, Swaroop Nagar, Kanpur, Uttar Pradesh 208002",26.486026271339,80.327387284495,4.6,6:30 PM
Jawed Habib | UP East Biggest Unisex Salon | Best Salon in Kanpur,7755090008,https://lh5.googleusercontent.com/p/AF1QipNMR7Pq90zkyL0pge8LmSyXIpzutEpr6kBsh3IF=w114-h114-n-k-no,"https://maps.google.com/maps?um=1&fb=1&gl=in&sa=X&geocode=KY9sgCWKR5w5Mbtzucp7rRDd&daddr=Plot+No.+122/729,+Royal+Palace,+Ground+Floor,+beside+HDFC+Bank,+Industrial+Estate,+Kanpur,+Uttar+Pradesh+208005&ved=2ahUKEwirudDyl7mEAxUUwoQAHbtLD3AQ48ADegQIABBp","Plot No. 122/729, Royal Palace, Ground Floor, beside HDFC Bank, Industrial Estate, Kanpur, Uttar Pradesh 208005",26.46421,80.30301,4,05:00 PM
"Brush up by Vanshika Makeup & Nail Art Studio - Bridal Makeup, Pre Bridal Makeup, Rebonding Salon, Beauty Parlour In Kanpur",8076847256,https://lh5.googleusercontent.com/p/AF1QipNYvbMl-AHmSee3_0OmapuB_3_2_BlbRrOMtKQ7=w114-h114-n-k-no,"https://maps.google.com/maps?um=1&fb=1&gl=in&sa=X&geocode=KV2J_-JaR5w5MYMRsk4y5NQe&daddr=Shop+No+34-35,+Umacharan+Business+Complex,+near+Astha+Guest+House,+Kidwai+Nagar,+Kanpur,+Uttar+Pradesh+208014&ved=2ahUKEwirudDyl7mEAxUUwoQAHbtLD3AQ48ADegQIABBz","Shop No 34-35, Umacharan Business Complex, near Astha Guest House, Kidwai Nagar, Kanpur, Uttar Pradesh 208014",26.428079985281,80.320280026794,4.9,6:30 PM
Glamour Zone,8687634068,https://lh5.googleusercontent.com/p/AF1QipOBoHrlBtteiCbBVpAFANQgRAHN-bED_1kRYQjw=w114-h114-n-k-no,"https://maps.google.com/maps?um=1&fb=1&gl=in&sa=X&geocode=KTfRptG8OZw5MXbiaLW78SzR&daddr=The+Mall+Rd,+near+City+Center+Mall,+Gadariya+Mohal,+Downtown,+Kanpur,+Uttar+Pradesh+208001&ved=2ahUKEwirudDyl7mEAxUUwoQAHbtLD3AQ48ADegQIABB9","The Mall Rd, near City Center Mall, Gadariya Mohal, Downtown, Kanpur, Uttar Pradesh 208001",26.455733682991,80.36230068827,4.8,09:00 PM
SAMS SALON KANPUR,7800135631,https://lh5.googleusercontent.com/p/AF1QipOOw0yt-3sWZgylojBKJ33xys6GkcynzSMl-qzX=w114-h114-n-k-no,"https://maps.google.com/maps?um=1&fb=1&gl=in&sa=X&geocode=KZu4lr29N5w5McTWUMGhl_s4&daddr=Plot+no+159,+SAMS+BEAUTY+SALON,+Church+Road,+B+Block,+Panki,+Kanpur,+Uttar+Pradesh+208020&ved=2ahUKEwirudDyl7mEAxUUwoQAHbtLD3AQ48ADegUIABCHAQ","Plot no 159, SAMS BEAUTY SALON, Church Road, B Block, Panki, Kanpur, Uttar Pradesh 208020",26.46965872948,80.242348500344,5,6:30 PM
Personality Ikon,9336238950,https://lh5.googleusercontent.com/p/AF1QipMKrNmI_JmfBgsS2jV4xcXmPm7WLLRopxnG_dj6=w114-h114-n-k-no,"https://maps.google.com/maps?um=1&fb=1&gl=in&sa=X&geocode=KXXJ_bENOJw5MZZnyxe5E3kb&daddr=117/H-1/342,+Esplanade+Rd,+Model+Town,+Pandu+Nagar,+Kanpur,+Uttar+Pradesh+208005&ved=2ahUKEwirudDyl7mEAxUUwoQAHbtLD3AQ48ADegUIABCRAQ","117/H-1/342, Esplanade Rd, Model Town, Pandu Nagar, Kanpur, Uttar Pradesh 208005",26.474457405894,80.297463586629,4.4,08:00 PM
Naturals Salon,7459998887,https://lh5.googleusercontent.com/p/AF1QipMznjs6hTEzA2bSRyRMJduYYbJ8w8OIKyKWMaLm=w114-h114-n-k-no,"https://maps.google.com/maps?um=1&fb=1&gl=in&sa=X&geocode=KVETJuNJR5w5MU8AV5ZMgffd&daddr=17/5A,+The+Mall+Rd,+near+to+Kherepati+Mandir,+Kursawan,+Downtown,+Kanpur,+Uttar+Pradesh+208001&ved=2ahUKEwirudDyl7mEAxUUwoQAHbtLD3AQ48ADegUIABCbAQ","17/5A, The Mall Rd, near to Kherepati Mandir, Kursawan, Downtown, Kanpur, Uttar Pradesh 208001",26.473899994266,80.347830001427,4.9,6:30 PM
Stylush Salon,6391008880,https://lh5.googleusercontent.com/p/AF1QipN_6lfTYPKRzyFJaNJkq2DmZzzefoov4oEctRCb=w114-h114-n-k-no,"https://maps.google.com/maps?um=1&fb=1&gl=in&sa=X&geocode=KUnOqtXYR5w5MVhZwvUTmbHS&daddr=124/24,+D+Block,+B+Block,+Govind+Nagar,+Kanpur,+Uttar+Pradesh+208006&ved=2ahUKEwirudDyl7mEAxUUwoQAHbtLD3AQ48ADegUIABCkAQ","124/24, D Block, B Block, Govind Nagar, Kanpur, Uttar Pradesh 208006",26.451013252426,80.304722298381,4.9,08:00 PM
Cutiepie Salon & Style Studio (Only For Ladies),9919316252,https://lh5.googleusercontent.com/p/AF1QipMbE1oGHj66YtSpzkZgD0-dlPuep6u0_LFOZLtb=w114-h114-n-k-no,"https://maps.google.com/maps?um=1&fb=1&gl=in&sa=X&geocode=KSvFPat5N5w5MZFW2yemFrFE&daddr=Plot+No,+3101,+Panki+-+Kalyanpur+Rd,+near+Orange+Fashion,+Awas+Vikas+Colony,+Kalyanpur,+Kanpur,+Uttar+Pradesh+208017&ved=2ahUKEwirudDyl7mEAxUUwoQAHbtLD3AQ48ADegUIABCvAQ","Plot No, 3101, Panki - Kalyanpur Rd, near Orange Fashion, Awas Vikas Colony, Kalyanpur, Kanpur, Uttar Pradesh 208017",26.486464990995,80.263830004383,4.7,6:30 PM
Lakme Salon Tilak Nagar,7379487000,https://lh5.googleusercontent.com/p/AF1QipOTeCOsn_z9NOYp92bo5heQkZ0i-w0A2AS_P0Xz=w114-h114-n-k-no,"https://maps.google.com/maps?um=1&fb=1&gl=in&sa=X&geocode=KauqqtqKOJw5MQV4h4sbqKZo&daddr=No.+10/503,+near+Abha+Nursing+Home,+Khalasi+Line,+Tilak+Nagar,+Kanpur,+Uttar+Pradesh+208002&ved=2ahUKEwirudDyl7mEAxUUwoQAHbtLD3AQ48ADegUIABC4AQ","No. 10/503, near Abha Nursing Home, Khalasi Line, Tilak Nagar, Kanpur, Uttar Pradesh 208002",26.48557,80.32469,4.8,6:30 PM
barbero a professional salon,7379846713,https://lh5.googleusercontent.com/p/AF1QipOZEOQjXE_I4Jrl32q-BYekrSXq7WppK4YcXmHh=w114-h114-n-k-no,"https://maps.google.com/maps?um=1&fb=1&gl=in&sa=X&geocode=KQl1jMkNOJw5MeV1DYZrYMBp&daddr=S.B.I,+neer+cheer+chauraha,+117/H1/368,+besides,+Model+Town,+Kakadeo,+Kanpur,+Uttar+Pradesh+208005&ved=2ahUKEwirudDyl7mEAxUUwoQAHbtLD3AQ48ADegUIABDBAQ","S.B.I, neer cheer chauraha, 117/H1/368, besides, Model Town, Kakadeo, Kanpur, Uttar Pradesh 208005",26.475093689097,80.294564464089,4.4,6:30 PM
"Kaya Planet Beauty Salon - Make Up Artist In Kanpur, Bridal Make Up Artist In Kanpur, Make Up Academy In Kanpur",9999424375,https://lh5.googleusercontent.com/p/AF1QipMQUVpj8mdfVXkSy1la6VBSVSEaLcdDMmzyyUaY=w114-h114-n-k-no,"https://maps.google.com/maps?um=1&fb=1&gl=in&sa=X&geocode=KT9U_0STR5w5MWYUGXi3buoY&daddr=125/53-B,+opp.+Viva+Natraj,+Lal+Quarter,+Govind+Nagar,+Kanpur,+Uttar+Pradesh+208006&ved=2ahUKEwirudDyl7mEAxUUwoQAHbtLD3AQ48ADegUIABDLAQ","125/53-B, opp. Viva Natraj, Lal Quarter, Govind Nagar, Kanpur, Uttar Pradesh 208006",26.447604912764,80.300091718953,4.4,06:00 PM
Divine Salon,9721450405,https://lh5.googleusercontent.com/p/AF1QipPFhZfr3fNkpfA-xfEize1UsUOv8GdkRaL8SPUf=w114-h114-n-k-no,"https://maps.google.com/maps?um=1&fb=1&gl=in&sa=X&geocode=KUH2z3bgQJw5McjmnhUyERyE&daddr=114+Pokharpur,+Garden+Court+lawn+compound,+KDA+Colony+Rd,+Pokharpur,+Jajmau,+Kanpur,+Uttar+Pradesh+208007&ved=2ahUKEwirudDyl7mEAxUUwoQAHbtLD3AQ48ADegUIABDWAQ","114 Pokharpur, Garden Court lawn compound, KDA Colony Rd, Pokharpur, Jajmau, Kanpur, Uttar Pradesh 208007",26.43181,80.38643,4.7,6:30 PM
Anwar'S Hair & Skin Studio (unisex),7755865555,https://lh5.googleusercontent.com/p/AF1QipMI078dgwmtuWh7PM-mAmPMCdcgBbMR_UdughIX=w114-h114-n-k-no,"https://maps.google.com/maps?um=1&fb=1&gl=in&sa=X&geocode=KX8DiM1hOJw5MYD4bLtk-jxb&daddr=7/142+D,+Ground+Floor,+near+Ratan+M,+R.I,+Swaroop+Nagar,+Kanpur,+Uttar+Pradesh+208002&ved=2ahUKEwirudDyl7mEAxUUwoQAHbtLD3AQ48ADegUIABDgAQ","7/142 D, Ground Floor, near Ratan M, R.I, Swaroop Nagar, Kanpur, Uttar Pradesh 208002",26.484811507295,80.316372212783,4.8,6:30 PM
"LAKME SALON, VIKAS NAGAR",7706934000,https://lh5.googleusercontent.com/p/AF1QipN1kB7GOjj7ZA_ixff5strG3f6ohVj8q2stG5MV=w114-h114-n-k-no,"https://maps.google.com/maps?um=1&fb=1&gl=in&sa=X&geocode=KaVOwsDmN5w5MaXV0K0OyFTa&daddr=127-A,+Vikas+Nagar,+next+to+Raymond+Showroom,+Kanpur,+Uttar+Pradesh+208024&ved=2ahUKEwirudDyl7mEAxUUwoQAHbtLD3AQ48ADegUIABDrAQ","127-A, Vikas Nagar, next to Raymond Showroom, Kanpur, Uttar Pradesh 208024",26.461659984878,80.294090015951,4.8,6:30 PM
Lakme Salon Lajpat Nagar Kanpur,7317507002,https://lh5.googleusercontent.com/p/AF1QipNgAPNz3lPkUxypXwo_iF6l5RjzFfjn-k2H0m1N=w114-h114-n-k-no,"https://maps.google.com/maps?um=1&fb=1&gl=in&sa=X&geocode=KcNFNEKnOZw5MV66yO3OKuSJ&daddr=120/865,+opposite+Sagar+Ratna,+Ranjeet+Nagar,+Shastri+Nagar,+Kanpur,+Uttar+Pradesh+208005&ved=2ahUKEwiuwbSXmLmEAxV52YQAHdteDAgQ48ADegQIABAp","120/865, opposite Sagar Ratna, Ranjeet Nagar, Shastri Nagar, Kanpur, Uttar Pradesh 208005",26.4695,80.30252,4.9,08:00 PM
Be U Natural Salon - Kanpur,9336238950,https://lh5.googleusercontent.com/p/AF1QipPnbIJREerPGYNdKfuA-1iQ0hRId7OcHWcfNLzI=w114-h114-n-k-no,"https://maps.google.com/maps?um=1&fb=1&gl=in&sa=X&geocode=KbH5uJQKOZw5MSPOhmQqVksp&daddr=113/144,+1st+Floor,+adjacent+to+Pizza+Hut,+Khalasi+Line,+Swaroop+Nagar,+Kanpur,+Uttar+Pradesh+208002&ved=2ahUKEwiuwbSXmLmEAxV52YQAHdteDAgQ48ADegQIABAx","113/144, 1st Floor, adjacent to Pizza Hut, Khalasi Line, Swaroop Nagar, Kanpur, Uttar Pradesh 208002",26.486026271339,80.327387284495,4.8,09:00 PM
Personality Ikon,7844013755,https://lh5.googleusercontent.com/p/AF1QipMKrNmI_JmfBgsS2jV4xcXmPm7WLLRopxnG_dj6=w114-h114-n-k-no,"https://maps.google.com/maps?um=1&fb=1&gl=in&sa=X&geocode=KXXJ_bENOJw5MZZnyxe5E3kb&daddr=117/H-1/342,+Esplanade+Rd,+Model+Town,+Pandu+Nagar,+Kanpur,+Uttar+Pradesh+208005&ved=2ahUKEwiuwbSXmLmEAxV52YQAHdteDAgQ48ADegQIABA4","117/H-1/342, Esplanade Rd, Model Town, Pandu Nagar, Kanpur, Uttar Pradesh 208005",26.474457405894,80.297463586629,4.4,08:00 PM
Lucky unisex salon skin and hair ( men and women hair cutting ),9696472788,https://lh5.googleusercontent.com/p/AF1QipPT3-ZT-yLumqzZfHqH3Odkg4NUEWORaHgv3zAb=w114-h114-n-k-no,"https://maps.google.com/maps?um=1&fb=1&gl=in&sa=X&geocode=Kcd9PyQhN5w5MUS4Mrx2u3bg&daddr=Adarsh+complex+apartment+Negi%27s+hotel+ke+samne,+Uttar+Pradesh+208018&ved=2ahUKEwiuwbSXmLmEAxV52YQAHdteDAgQ48ADegQIABBB","Adarsh complex apartment Negi's hotel ke samne, Uttar Pradesh 208018",27.11683,79.73321,4.9,10:00 PM
P&K Stylemakers (Salon only for men),7860179240,https://lh5.googleusercontent.com/p/AF1QipOjSjReiChfhoJw828j7n-1k8ppUxQ98E-a91B-=w114-h114-n-k-no,"https://maps.google.com/maps?um=1&fb=1&gl=in&sa=X&geocode=Kc1YWHt9R5w5MaEIK_EbFpuK&daddr=H-No.+128,+543/55,+opposite+Namrata+Dresses,+K-Block,+Kidwai+Nagar,+Kanpur,+Uttar+Pradesh+208011&ved=2ahUKEwiuwbSXmLmEAxV52YQAHdteDAgQ48ADegQIABBL","H-No. 128, 543/55, opposite Namrata Dresses, K-Block, Kidwai Nagar, Kanpur, Uttar Pradesh 208011",26.429279112016,80.334559516243,4.8,09:00 PM
Trends Salon,9696743902,https://lh5.googleusercontent.com/p/AF1QipMNTXkk_G-G8MQDX1TTxJvg4_Tk8hSxYyJR3Zdh=w114-h114-n-k-no,"https://maps.google.com/maps?um=1&fb=1&gl=in&sa=X&geocode=KSuFbKf0R5w5MTUFl9sAhYoY&daddr=Shri+Guest+House,+600-B,+near+Kanpur,+Keshav+Nagar,+W+Block,+Juhi+Kalan,+Saket+Nagar,+Kanpur,+Uttar+Pradesh+208014&ved=2ahUKEwiuwbSXmLmEAxV52YQAHdteDAgQ48ADegQIABBU","Shri Guest House, 600-B, near Kanpur, Keshav Nagar, W Block, Juhi Kalan, Saket Nagar, Kanpur, Uttar Pradesh 208014",26.4341,80.30872,4.1,6:30 PM
Glam Onn Salon,8934060708,https://lh5.googleusercontent.com/p/AF1QipMhLDk8cHuPrezTiRQ1BE-ZiP8wLbkewOpshRjw=w114-h114-n-k-no,"https://maps.google.com/maps?um=1&fb=1&gl=in&sa=X&geocode=KTkdVCdiN5w5MVhp3JaJ2MMl&daddr=119/528,+Fazalganj,+Darshan+Purwa,+Kanpur,+Uttar+Pradesh+208017&ved=2ahUKEwiuwbSXmLmEAxV52YQAHdteDAgQ48ADegQIABBe","119/528, Fazalganj, Darshan Purwa, Kanpur, Uttar Pradesh 208017",26.46437,80.31442,4.9,08:00 PM
Nyka Unisex Salon,9044224409,https://streetviewpixels-pa.googleapis.com/v1/thumbnail?panoid=QlI_SzTOiKwYv3KVGn-85g&cb_client=geo_services_immersive.gps&w=144&h=144&yaw=73.11578&pitch=0&thumbfov=100,"https://maps.google.com/maps?um=1&fb=1&gl=in&sa=X&geocode=KRmp58FoR5w5MZW8C1u4PQer&daddr=125,+53A,+opp.+Natraj+vivo,+Govind+Nagar,+Kanpur,+Uttar+Pradesh+208006&ved=2ahUKEwiuwbSXmLmEAxV52YQAHdteDAgQ48ADegQIABBm","125, 53A, opp. Natraj vivo, Govind Nagar, Kanpur, Uttar Pradesh 208006",26.44769,80.30923,4.4,6:30 PM
Infinity Salon,5122606850,https://lh5.googleusercontent.com/p/AF1QipMs4tQgGU9LgTqXrUYnLwCRTPZ4soHsHiw3gnEe=w114-h114-n-k-no,"https://maps.google.com/maps?um=1&fb=1&gl=in&sa=X&geocode=KUPJ94YaR5w5MRnM-C8bs-TJ&daddr=133/20+M,+Kidwainagar+Rd,+Kidwai+Nagar,+Kanpur,+Uttar+Pradesh+208011&ved=2ahUKEwiuwbSXmLmEAxV52YQAHdteDAgQ48ADegQIABBv","133/20 M, Kidwainagar Rd, Kidwai Nagar, Kanpur, Uttar Pradesh 208011",26.43798001876,80.333389993912,4,09:00 PM
Crona Unisex Salon - Shyam Nagar,9999424375,https://lh5.googleusercontent.com/p/AF1QipNCAXThJKQ73dwPAA0aZMdk1pnZ4jU4ct-JSQZX=w114-h114-n-k-no,"https://maps.google.com/maps?um=1&fb=1&gl=in&sa=X&geocode=KfNwvGvcR5w5Ma-IPoGrOvvR&daddr=Crona+Salon,+C+40,+Shyam+Nagar,+Kanpur,+Uttar+Pradesh+208013&ved=2ahUKEwiuwbSXmLmEAxV52YQAHdteDAgQ48ADegQIABB3","Crona Salon, C 40, Shyam Nagar, Kanpur, Uttar Pradesh 208013",26.423996017905,80.364548532747,4.3,6:30 PM
Deepa's Kayakalp Beauty Salon,9936803536,https://lh5.googleusercontent.com/p/AF1QipP2HsxrC1xdYfpYQXzlsOtv2aPhEnf01hooQ2IY=w114-h114-n-k-no,"https://maps.google.com/maps?um=1&fb=1&gl=in&sa=X&geocode=KZ0P-A6qR5w5MZkidTdS4UQ_&daddr=128/434,+near+St.+Thomas+School,+K+Block,+Kidwai+Nagar,+Kanpur,+Uttar+Pradesh+208011&ved=2ahUKEwiuwbSXmLmEAxV52YQAHdteDAgQ48ADegUIABCBAQ","128/434, near St. Thomas School, K Block, Kidwai Nagar, Kanpur, Uttar Pradesh 208011",26.42351,80.32781,4.6,6:30 PM
"Kaya Planet Beauty Salon - Make Up Artist In Kanpur, Bridal Make Up Artist In Kanpur, Make Up Academy In Kanpur",9044000852,https://lh5.googleusercontent.com/p/AF1QipMQUVpj8mdfVXkSy1la6VBSVSEaLcdDMmzyyUaY=w114-h114-n-k-no,"https://maps.google.com/maps?um=1&fb=1&gl=in&sa=X&geocode=KT9U_0STR5w5MWYUGXi3buoY&daddr=125/53-B,+opp.+Viva+Natraj,+Lal+Quarter,+Govind+Nagar,+Kanpur,+Uttar+Pradesh+208006&ved=2ahUKEwiuwbSXmLmEAxV52YQAHdteDAgQ48ADegUIABCJAQ","125/53-B, opp. Viva Natraj, Lal Quarter, Govind Nagar, Kanpur, Uttar Pradesh 208006",26.447604912764,80.300091718953,4.4,08:00 PM
"AURA MakeOver Studio ""Salon & Academy""",8368100015,https://lh5.googleusercontent.com/p/AF1QipNO8ireA0vaha-vDCTtd1yZAOQBoBEhk9mnGFw=w114-h114-n-k-no,"https://maps.google.com/maps?um=1&fb=1&gl=in&sa=X&geocode=KWUqdeqPR5w5MfU-GUfii1C0&daddr=behind+Hotel+MMK,+Rail+Bazar,+Mirpur+Cantonment,+EidGaah+Colony,+Mirpur,+Kanpur,+Uttar+Pradesh+208004&ved=2ahUKEwiuwbSXmLmEAxV52YQAHdteDAgQ48ADegUIABCSAQ","behind Hotel MMK, Rail Bazar, Mirpur Cantonment, EidGaah Colony, Mirpur, Kanpur, Uttar Pradesh 208004",26.447985,80.374676906,4.9,6:30 PM
"THE ARTIST ROOM - Best Makeup Artist In Kanpur, Best Bridal Makeup In Kanpur, Hair Stylist In Kanpur",9936445695,https://lh5.googleusercontent.com/p/AF1QipNkNGRa18HPkwtDrvbhYyTFLkJa_9Ls2Ab6N3E5=w114-h114-n-k-no,"https://maps.google.com/maps?um=1&fb=1&gl=in&sa=X&geocode=KbWmNWsjOJw5MWYRdwnyykC0&daddr=Gate+no.2,+Udyan+Vihar,+98-C+Aadhar+Residence+1st+floor+flat,+opposite+Jay+Narayan+school,+Vikas+Nagar,+Kanpur,+Uttar+Pradesh+208024&ved=2ahUKEwiuwbSXmLmEAxV52YQAHdteDAgQ48ADegUIABCbAQ","Gate no.2, Udyan Vihar, 98-C Aadhar Residence 1st floor flat, opposite Jay Narayan school, Vikas Nagar, Kanpur, Uttar Pradesh 208024",26.49649,80.28393,4.8,08:00 PM
"VLCC Salon (Kidwai Nagar, Kanpur U.P)",7408740804,https://lh5.googleusercontent.com/p/AF1QipP2b3tTEaaeFWX1yKmIrLNHMqonHPXgHubSElZ8=w114-h114-n-k-no,"https://maps.google.com/maps?um=1&fb=1&gl=in&sa=X&geocode=KY24f7zOR5w5McOwzHMGKKTX&daddr=H.No,+128/543/54,+K-Block,+Kidwai+Nagar,+Kanpur,+Uttar+Pradesh+208011&ved=2ahUKEwiuwbSXmLmEAxV52YQAHdteDAgQ48ADegUIABCjAQ","H.No, 128/543/54, K-Block, Kidwai Nagar, Kanpur, Uttar Pradesh 208011",26.429279112016,80.334559516243,4.7,08:00 PM
Kaya Beauty studio unisex salon,2240995000,https://lh5.googleusercontent.com/p/AF1QipN4emhJqEMEdf_dJz-7WqPsITSxwxqWb823sFg5=w114-h114-n-k-no,"https://maps.google.com/maps?um=1&fb=1&gl=in&sa=X&geocode=KY__dz0HR5w5MT6PkfDyo108&daddr=128/52,+K+Block,+Kidwai+Nagar,+Kanpur,+Uttar+Pradesh+208011&ved=2ahUKEwiuwbSXmLmEAxV52YQAHdteDAgQ48ADegUIABCtAQ","128/52, K Block, Kidwai Nagar, Kanpur, Uttar Pradesh 208011",26.429279112016,80.334559516243,4.6,6:30 PM
"THE JAWED HABIB SALON, SHYAM NAGAR",9451547302,https://lh5.googleusercontent.com/p/AF1QipMBQd18-hhpyNrwNDFrutHIbFW0axGGl7Pe25gk=w114-h114-n-k-no,"https://maps.google.com/maps?um=1&fb=1&gl=in&sa=X&geocode=KQ-Ii59PR5w5MQvr5wthJi0D&daddr=1-B,+Ram+Puram,+near+ICICI+BANK,+Shyam+Nagar,+Kanpur,+Uttar+Pradesh+208013&ved=2ahUKEwiuwbSXmLmEAxV52YQAHdteDAgQ48ADegUIABC0AQ","1-B, Ram Puram, near ICICI BANK, Shyam Nagar, Kanpur, Uttar Pradesh 208013",26.40939,80.35801,4.2,6:30 PM
The Jawed Habib Salon - Keshavpuram,8052250250,https://lh5.googleusercontent.com/p/AF1QipOJDKvYu4Jix53SkJqGGV3W1HSpY3C9e4jK91wD=w114-h114-n-k-no,"https://maps.google.com/maps?um=1&fb=1&gl=in&sa=X&geocode=KdFFsBAAN5w5MawGBHrxQBhl&daddr=HDFC+Bank+24+Keshavpuram,+L+Comm,+Awas+Vikas,+IFSC+HDFC0009596,+Kanpur,+Uttar+Pradesh+208017&ved=2ahUKEwiuwbSXmLmEAxV52YQAHdteDAgQ48ADegUIABC9AQ","HDFC Bank 24 Keshavpuram, L Comm, Awas Vikas, IFSC HDFC0009596, Kanpur, Uttar Pradesh 208017",26.506039409,80.25158,4.1,6:30 PM
Naturals Salon,7459998887,https://lh5.googleusercontent.com/p/AF1QipMznjs6hTEzA2bSRyRMJduYYbJ8w8OIKyKWMaLm=w114-h114-n-k-no,"https://maps.google.com/maps?um=1&fb=1&gl=in&sa=X&geocode=KVETJuNJR5w5MU8AV5ZMgffd&daddr=17/5A,+The+Mall+Rd,+near+to+Kherepati+Mandir,+Kursawan,+Downtown,+Kanpur,+Uttar+Pradesh+208001&ved=2ahUKEwiH_LejmbmEAxUv1YQAHfhADcIQ48ADegQIABAp","17/5A, The Mall Rd, near to Kherepati Mandir, Kursawan, Downtown, Kanpur, Uttar Pradesh 208001",26.473899994266,80.347830001427,4.9,09:00 PM
Mr.Barber Unisex Salon kanpur,8400090826,https://lh5.googleusercontent.com/p/AF1QipNlO1CDKY3FjYZ2FXdGO8S8c9FwhUvB40wz6-7g=w114-h114-n-k-no,"https://maps.google.com/maps?um=1&fb=1&gl=in&sa=X&geocode=KeXcOkW6R5w5MSI__W1GoqVv&daddr=Govind+Nagar,+Kanpur,+Uttar+Pradesh+208006&ved=2ahUKEwiH_LejmbmEAxUv1YQAHfhADcIQ48ADegQIABAw","Govind Nagar, Kanpur, Uttar Pradesh 208006",26.447604912764,80.300091718953,4.7,6:30 PM
"VLCC Salon (Kidwai Nagar, Kanpur U.P)",8368100015,https://lh5.googleusercontent.com/p/AF1QipP2b3tTEaaeFWX1yKmIrLNHMqonHPXgHubSElZ8=w114-h114-n-k-no,"https://maps.google.com/maps?um=1&fb=1&gl=in&sa=X&geocode=KY24f7zOR5w5McOwzHMGKKTX&daddr=H.No,+128/543/54,+K-Block,+Kidwai+Nagar,+Kanpur,+Uttar+Pradesh+208011&ved=2ahUKEwiH_LejmbmEAxUv1YQAHfhADcIQ48ADegQIABA4","H.No, 128/543/54, K-Block, Kidwai Nagar, Kanpur, Uttar Pradesh 208011",26.429279112016,80.334559516243,4.7,08:00 PM
Diamound Touch Unisex Salon,8299824398,https://lh5.googleusercontent.com/p/AF1QipMJEmVnndRtloXCG6XfyMOu0uhLAqLBXdqKnHHU=w114-h114-n-k-no,"https://maps.google.com/maps?um=1&fb=1&gl=in&sa=X&geocode=KU-aM5iwR5w5MUbvasK9DIQj&daddr=NEW+MIG+,+M,+opposite+Indian+Bank,+Hemat+Vihar,+Barra+2,+Barra+World+Bank,+Barra,+Kanpur,+Uttar+Pradesh+208027&ved=2ahUKEwiH_LejmbmEAxUv1YQAHfhADcIQ48ADegQIABA_","NEW MIG , M, opposite Indian Bank, Hemat Vihar, Barra 2, Barra World Bank, Barra, Kanpur, Uttar Pradesh 208027",26.427670846267,80.294661837692,4.9,09:00 PM
"AURA MakeOver Studio ""Salon & Academy""",9936803536,https://lh5.googleusercontent.com/p/AF1QipNO8ireA0vaha-vDCTtd1yZAOQBoBEhk9mnGFw=w114-h114-n-k-no,"https://maps.google.com/maps?um=1&fb=1&gl=in&sa=X&geocode=KWUqdeqPR5w5MfU-GUfii1C0&daddr=behind+Hotel+MMK,+Rail+Bazar,+Mirpur+Cantonment,+EidGaah+Colony,+Mirpur,+Kanpur,+Uttar+Pradesh+208004&ved=2ahUKEwiH_LejmbmEAxUv1YQAHfhADcIQ48ADegQIABBI","behind Hotel MMK, Rail Bazar, Mirpur Cantonment, EidGaah Colony, Mirpur, Kanpur, Uttar Pradesh 208004",26.447985,80.374676906,4.9,6:30 PM
Look At You Beauty Salon,7985790714,https://lh5.googleusercontent.com/p/AF1QipNduFwQGj2eyZTjF16IW_9_ZKpugkDQuGBcpwj8=w114-h114-n-k-no,"https://maps.google.com/maps?um=1&fb=1&gl=in&sa=X&geocode=KfP6Jt68R5w5MenZPaoTJMJv&daddr=124/B/182,+Upstairs+to+Himalaya+Show+Room+Bata+Chauraha,+Govind+Nagar,+Kanpur,+Uttar+Pradesh+208006&ved=2ahUKEwiH_LejmbmEAxUv1YQAHfhADcIQ48ADegQIABBP","124/B/182, Upstairs to Himalaya Show Room Bata Chauraha, Govind Nagar, Kanpur, Uttar Pradesh 208006",26.447604912764,80.300091718953,5,6:30 PM
Lorange Hair&Beauty Unisex Salon,7236016666,https://lh5.googleusercontent.com/p/AF1QipMuCkGTB8_kWj8E9gRbmaiswIMoHz89LAlErr0=w114-h114-n-k-no,"https://maps.google.com/maps?um=1&fb=1&gl=in&sa=X&geocode=KfHD2rM_QZw5MavbMN3Z80c4&daddr=51-+C+Chandra+Nagar+Near+KDA+Chauraha,+adjacent+Kingston+kids+school,+Pokharpur,+Lal+Bangla,+J+K+Puri,+Kanpur,+Uttar+Pradesh+208007&ved=2ahUKEwiH_LejmbmEAxUv1YQAHfhADcIQ48ADegQIABBX","51- C Chandra Nagar Near KDA Chauraha, adjacent Kingston kids school, Pokharpur, Lal Bangla, J K Puri, Kanpur, Uttar Pradesh 208007",26.426502009899,80.387121838236,4.6,09:00 PM
The Jawed Habib Salon - Keshavpuram,2240995000,https://lh5.googleusercontent.com/p/AF1QipOJDKvYu4Jix53SkJqGGV3W1HSpY3C9e4jK91wD=w114-h114-n-k-no,"https://maps.google.com/maps?um=1&fb=1&gl=in&sa=X&geocode=KdFFsBAAN5w5MawGBHrxQBhl&daddr=HDFC+Bank+24+Keshavpuram,+L+Comm,+Awas+Vikas,+IFSC+HDFC0009596,+Kanpur,+Uttar+Pradesh+208017&ved=2ahUKEwiH_LejmbmEAxUv1YQAHfhADcIQ48ADegQIABBg","HDFC Bank 24 Keshavpuram, L Comm, Awas Vikas, IFSC HDFC0009596, Kanpur, Uttar Pradesh 208017",26.506039409,80.25158,4.1,09:00 PM
Green Trends Unisex Hair & Style Salon,8090904445,https://lh5.googleusercontent.com/p/AF1QipPgDSX8CtbsehKDXn-M1mn5rt5CswHipNH7OV8P=w114-h114-n-k-no,"https://maps.google.com/maps?um=1&fb=1&gl=in&sa=X&geocode=KaOTvKaxOZw5Mcyep2-A5N_Z&daddr=1st+and+2nd+Floor,+7/90+A+3,+near+Rajeev+Petrol+Pump,+Tilak+Nagar,+Kanpur,+Uttar+Pradesh+208002&ved=2ahUKEwiH_LejmbmEAxUv1YQAHfhADcIQ48ADegQIABBq","1st and 2nd Floor, 7/90 A 3, near Rajeev Petrol Pump, Tilak Nagar, Kanpur, Uttar Pradesh 208002",26.47594,80.31486,4.8,09:00 PM
SAMARPAN SALON,9336443929,https://lh5.googleusercontent.com/p/AF1QipNiT2L_565-uudq9qR_yUmVa-VBnRg8QRSgcFK_=w114-h114-n-k-no,"https://maps.google.com/maps?um=1&fb=1&gl=in&sa=X&geocode=KWV-LieEOZw5MfOH6rUoQ56B&daddr=118/296,+GURUNANAK+DHARAMSHALA+LANE+Gumti+No.5,+Kaushalpuri,+Darshan+Purwa,+Kanpur,+Uttar+Pradesh+208012&ved=2ahUKEwiH_LejmbmEAxUv1YQAHfhADcIQ48ADegQIABBy","118/296, GURUNANAK DHARAMSHALA LANE Gumti No.5, Kaushalpuri, Darshan Purwa, Kanpur, Uttar Pradesh 208012",26.46422025784,80.315584803482,4.8,6:30 PM
"L'oreal Blue Brown Beauty Salon & Academy - Makeup Artist in Kakadeo, Bridal Makeup Artist in Kakadeo",8052250250,https://lh5.googleusercontent.com/p/AF1QipOzSLWdUYAO_giPQ6LOT_7XaTb2_M0e8DDSL5Pw=w114-h114-n-k-no,"https://maps.google.com/maps?um=1&fb=1&gl=in&sa=X&geocode=KSuH8hyiOZw5MRqturIJ34Sr&daddr=117,+NM/97-%CE%91,+Ambedkar+Nagar,+Navin+Nagar,+%CE%9AAKADEO,+Kanpur,+Uttar+Pradesh+208025&ved=2ahUKEwiH_LejmbmEAxUv1YQAHfhADcIQ48ADegQIABB5","117, NM/97-Α, Ambedkar Nagar, Navin Nagar, ΚAKADEO, Kanpur, Uttar Pradesh 208025",26.476284746527,80.290165440809,5,09:00 PM
ACME Men's Salon,8840883284,https://lh5.googleusercontent.com/p/AF1QipMEBS05A3XfXra7op7KE-gIMv4-xDH24u6ua-ic=w114-h114-n-k-no,"https://maps.google.com/maps?um=1&fb=1&gl=in&sa=X&geocode=KVnxKjOXR5w5Mf1E5Tsptvp5&daddr=Shop+No-+67/2,+7+Block,+near+Hotel+Sanja+Chula,+Block+7,+Govind+Nagar,+Kanpur,+Uttar+Pradesh+208006&ved=2ahUKEwiH_LejmbmEAxUv1YQAHfhADcIQ48ADegQIABB_","Shop No- 67/2, 7 Block, near Hotel Sanja Chula, Block 7, Govind Nagar, Kanpur, Uttar Pradesh 208006",26.447400020644,80.31038996778,4.5,10:00 PM
D-Diva's Beauty Salon & Makeup Studio & Tattoo Studio,9118585201,https://lh5.googleusercontent.com/p/AF1QipOj45OA7KVGgSa5B_Gv_69RW0S2H32n-FQoX4wT=w114-h114-n-k-no,"https://maps.google.com/maps?um=1&fb=1&gl=in&sa=X&geocode=KSNVVVXIR5w5Mci5OYBbl5lB&daddr=D-divas+Beauty+Salon+%26+Makeup+Studio,+Barra+Bypass+Rd,+Barra+World+Bank,+Saket+Nagar,+Kanpur,+Uttar+Pradesh+208027&ved=2ahUKEwiH_LejmbmEAxUv1YQAHfhADcIQ48ADegUIABCHAQ","D-divas Beauty Salon & Makeup Studio, Barra Bypass Rd, Barra World Bank, Saket Nagar, Kanpur, Uttar Pradesh 208027",26.42702277813,80.303740119145,4.2,11:00 PM
Decent Makeover (salon at door step),8765535788,https://lh5.googleusercontent.com/p/AF1QipPIbFAS29WcSsulZQ7VZGT4X56HH4-7W1OOWU_s=w114-h114-n-k-no,"https://maps.google.com/maps?um=1&fb=1&gl=in&sa=X&geocode=KXNt5VJGR5w5MQTgwPd8uA1G&daddr=127/314,+near+tiny+tots,+shivaji+inter+college,+Keshav+Nagar,+Kanpur,+Uttar+Pradesh+208014&ved=2ahUKEwiH_LejmbmEAxUv1YQAHfhADcIQ48ADegUIABCSAQ","127/314, near tiny tots, shivaji inter college, Keshav Nagar, Kanpur, Uttar Pradesh 208014",26.42605,80.31261,4.8,09:00 PM
Be U Natural Salon - Kanpur,8840909671,https://lh5.googleusercontent.com/p/AF1QipPnbIJREerPGYNdKfuA-1iQ0hRId7OcHWcfNLzI=w114-h114-n-k-no,"https://maps.google.com/maps?um=1&fb=1&gl=in&sa=X&geocode=KbH5uJQKOZw5MSPOhmQqVksp&daddr=113/144,+1st+Floor,+adjacent+to+Pizza+Hut,+Khalasi+Line,+Swaroop+Nagar,+Kanpur,+Uttar+Pradesh+208002&ved=2ahUKEwiH_LejmbmEAxUv1YQAHfhADcIQ48ADegUIABCaAQ","113/144, 1st Floor, adjacent to Pizza Hut, Khalasi Line, Swaroop Nagar, Kanpur, Uttar Pradesh 208002",26.486026271339,80.327387284495,4.8,09:00 PM
THE BEAUTY SPARK SALON,6389777797,https://lh5.googleusercontent.com/p/AF1QipP-OaU3AAxR8YmadEnr2WQ88QT2ZX2oePTlZlqF=w114-h114-n-k-no,"https://maps.google.com/maps?um=1&fb=1&gl=in&sa=X&geocode=KVu3Z2zyQZw5MdUcs2KTw1Qn&daddr=53+MIG,+Sanigawan+Rd,+KDA+Colony,+Kanpur,+Uttar+Pradesh+208021&ved=2ahUKEwiH_LejmbmEAxUv1YQAHfhADcIQ48ADegUIABCgAQ","53 MIG, Sanigawan Rd, KDA Colony, Kanpur, Uttar Pradesh 208021",26.403780009786,80.382590005352,5,6:30 PM
THE HAIR UNISEX SALON STUDIO,9140766523,https://lh5.googleusercontent.com/p/AF1QipNcMI9f1T4QKXzdZNKWKMiW-9lrFBr9lknGkhp5=w114-h114-n-k-no,"https://maps.google.com/maps?um=1&fb=1&gl=in&sa=X&geocode=KWUxIdGPOZw5MeQP9aehziLo&daddr=118/106,+kaushal+puri,+Gumti+No.5,+Darshan+Purwa,+Kanpur,+Uttar+Pradesh+208012&ved=2ahUKEwiH_LejmbmEAxUv1YQAHfhADcIQ48ADegUIABCoAQ","118/106, kaushal puri, Gumti No.5, Darshan Purwa, Kanpur, Uttar Pradesh 208012",26.46422025784,80.315584803482,4.7,09:00 PM
Glamm Beauty - Salon at Home in Kanpur | Makeup at Home | Beauty Service at Home,9555726946,https://lh5.googleusercontent.com/p/AF1QipNefeYdcss3WJO1tYi5VEGBx9TSzoQ-ucIvpT-3=w114-h114-n-k-no,"https://maps.google.com/maps?um=1&fb=1&gl=in&sa=X&geocode=KRmj9UOSR5w5Mc7AKqi1lYjF&daddr=106/261,+Anand+Bagh,+Sisamau+near+Jwala+Devi+Degree+College,+Uttar+Pradesh+208012&ved=2ahUKEwiH_LejmbmEAxUv1YQAHfhADcIQ48ADegUIABCxAQ","106/261, Anand Bagh, Sisamau near Jwala Devi Degree College, Uttar Pradesh 208012",26.464650019288,80.327749978904,4.7,08:00 PM
REBEL SALON,9919316252,https://lh5.googleusercontent.com/p/AF1QipMJZiZCU44ww-dh1JrIT6Mf16iJWVZeoj4lKj9Q=w114-h114-n-k-no,"https://maps.google.com/maps?um=1&fb=1&gl=in&sa=X&geocode=KRVodO31OZw5MfPq5CPtU9w-&daddr=C37,+beside+Angel+Eyes+Hospital,+Model+Town,+Sarvodaya+Nagar,+Kanpur,+Uttar+Pradesh+208005&ved=2ahUKEwjQ5avhmbmEAxWixIQAHcaYDlkQ48ADegQIABAq","C37, beside Angel Eyes Hospital, Model Town, Sarvodaya Nagar, Kanpur, Uttar Pradesh 208005",26.474457405894,80.297463586629,5,6:30 PM
CUTIEPIE SALON & STYLE STUDIO,8765535788,https://lh5.googleusercontent.com/p/AF1QipPcD-uHyQxuvP_o5i78LOGIBNIJEM6KF94b25vu=w114-h114-n-k-no,"https://maps.google.com/maps?um=1&fb=1&gl=in&sa=X&geocode=KQ-TOfAbOZw5MVSRgLI7fNWe&daddr=near+Maa+Sharda+Tent+House,+Vishnupuri,+Vishnu+Puri,+Kanpur,+Uttar+Pradesh+208012&ved=2ahUKEwjQ5avhmbmEAxWixIQAHcaYDlkQ48ADegQIABAz","near Maa Sharda Tent House, Vishnupuri, Vishnu Puri, Kanpur, Uttar Pradesh 208012",26.466025,80.318566499,4.8,6:30 PM
THE BEAUTY SPARK SALON,9807502419,https://lh5.googleusercontent.com/p/AF1QipP-OaU3AAxR8YmadEnr2WQ88QT2ZX2oePTlZlqF=w114-h114-n-k-no,"https://maps.google.com/maps?um=1&fb=1&gl=in&sa=X&geocode=KVu3Z2zyQZw5MdUcs2KTw1Qn&daddr=53+MIG,+Sanigawan+Rd,+KDA+Colony,+Kanpur,+Uttar+Pradesh+208021&ved=2ahUKEwjQ5avhmbmEAxWixIQAHcaYDlkQ48ADegQIABA8","53 MIG, Sanigawan Rd, KDA Colony, Kanpur, Uttar Pradesh 208021",26.403780009786,80.382590005352,5,08:00 PM
Spectrum Beauty studio and academy,8840909671,https://lh5.googleusercontent.com/p/AF1QipPfE3sMzD68q2c7J50GzME_zqqby-MUiLwPDFZi=w114-h114-n-k-no,"https://maps.google.com/maps?um=1&fb=1&gl=in&sa=X&geocode=KZlkcJFcR5w5MUgz82a1kt3M&daddr=751+w2,+751+w2,+Damodar+Nagar,+Kanpur,+Uttar+Pradesh+208027&ved=2ahUKEwjQ5avhmbmEAxWixIQAHcaYDlkQ48ADegQIABBG","751 w2, 751 w2, Damodar Nagar, Kanpur, Uttar Pradesh 208027",26.41835,80.30733,4.9,6:30 PM
THE HAIR UNISEX SALON STUDIO,8299129273,https://lh5.googleusercontent.com/p/AF1QipNcMI9f1T4QKXzdZNKWKMiW-9lrFBr9lknGkhp5=w114-h114-n-k-no,"https://maps.google.com/maps?um=1&fb=1&gl=in&sa=X&geocode=KWUxIdGPOZw5MeQP9aehziLo&daddr=118/106,+kaushal+puri,+Gumti+No.5,+Darshan+Purwa,+Kanpur,+Uttar+Pradesh+208012&ved=2ahUKEwjQ5avhmbmEAxWixIQAHcaYDlkQ48ADegQIABBQ","118/106, kaushal puri, Gumti No.5, Darshan Purwa, Kanpur, Uttar Pradesh 208012",26.46422025784,80.315584803482,4.7,08:00 PM
Prince Salon,8052250250,https://lh5.googleusercontent.com/p/AF1QipOHHcv7GJYr0MGyC4dstxPUYKbdO9p5gTA1peRC=w114-h114-n-k-no,"https://maps.google.com/maps?um=1&fb=1&gl=in&sa=X&geocode=KX9vYH99R5w5MXLM2mmk5qbV&daddr=105,+1,+P+Rd,+Premnagar,+Colonelganj,+Kanpur,+Uttar+Pradesh+208001&ved=2ahUKEwjQ5avhmbmEAxWixIQAHcaYDlkQ48ADegQIABBZ","105, 1, P Rd, Premnagar, Colonelganj, Kanpur, Uttar Pradesh 208001",26.467940000104,80.326590007323,4.1,6:30 PM
ACME Men's Salon,8090222122,https://lh5.googleusercontent.com/p/AF1QipMEBS05A3XfXra7op7KE-gIMv4-xDH24u6ua-ic=w114-h114-n-k-no,"https://maps.google.com/maps?um=1&fb=1&gl=in&sa=X&geocode=KVnxKjOXR5w5Mf1E5Tsptvp5&daddr=Shop+No-+67/2,+7+Block,+near+Hotel+Sanja+Chula,+Block+7,+Govind+Nagar,+Kanpur,+Uttar+Pradesh+208006&ved=2ahUKEwjQ5avhmbmEAxWixIQAHcaYDlkQ48ADegQIABBi","Shop No- 67/2, 7 Block, near Hotel Sanja Chula, Block 7, Govind Nagar, Kanpur, Uttar Pradesh 208006",26.447400020644,80.31038996778,4.5,6:30 PM
"L'oreal Blue Brown Beauty Salon & Academy - Makeup Artist In Gumti, Bridal Makeup Artist In Gumti",9336443929,https://lh5.googleusercontent.com/p/AF1QipPn3Nc7tDbmqlYMdnjdBb7Gq5M_mZ0HJGCz1Heg=w114-h114-n-k-no,"https://maps.google.com/maps?um=1&fb=1&gl=in&sa=X&geocode=KVWx4yZ4R5w5MaAK2avv4Aup&daddr=118/07,+near+Talk+Of+The+Town,+Gumti+No.5,+Kaushalpuri,+Darshan+Purwa,+Kanpur,+Uttar+Pradesh+208012&ved=2ahUKEwjQ5avhmbmEAxWixIQAHcaYDlkQ48ADegQIABBr","118/07, near Talk Of The Town, Gumti No.5, Kaushalpuri, Darshan Purwa, Kanpur, Uttar Pradesh 208012",26.46422025784,80.315584803482,4.9,6:30 PM
Crona Unisex Salon - Pandu Nagar,7499976996,https://lh5.googleusercontent.com/p/AF1QipMstYveghJyKraJCV_z3SYQFENh0e9O-WFTDfwf=w114-h114-n-k-no,"https://maps.google.com/maps?um=1&fb=1&gl=in&sa=X&geocode=KZcgW9LmOZw5MVYFgCQN_qfJ&daddr=117,+H2/3,+Pandu+Nagar,+Kanpur,+Uttar+Pradesh+208005&ved=2ahUKEwjQ5avhmbmEAxWixIQAHcaYDlkQ48ADegQIABB1","117, H2/3, Pandu Nagar, Kanpur, Uttar Pradesh 208005",26.473950311671,80.302404475077,5,09:00 PM
SAMARPAN SALON,9935933786,https://lh5.googleusercontent.com/p/AF1QipNiT2L_565-uudq9qR_yUmVa-VBnRg8QRSgcFK_=w114-h114-n-k-no,"https://maps.google.com/maps?um=1&fb=1&gl=in&sa=X&geocode=KWV-LieEOZw5MfOH6rUoQ56B&daddr=118/296,+GURUNANAK+DHARAMSHALA+LANE+Gumti+No.5,+Kaushalpuri,+Darshan+Purwa,+Kanpur,+Uttar+Pradesh+208012&ved=2ahUKEwjQ5avhmbmEAxWixIQAHcaYDlkQ48ADegQIABB-","118/296, GURUNANAK DHARAMSHALA LANE Gumti No.5, Kaushalpuri, Darshan Purwa, Kanpur, Uttar Pradesh 208012",26.46422025784,80.315584803482,4.8,6:30 PM
Jovees Amazing Men's Salon,9415404154,https://streetviewpixels-pa.googleapis.com/v1/thumbnail?panoid=z1sW7zIVqhqKk6uTBcuaoA&cb_client=geo_services_immersive.gps&w=144&h=144&yaw=259.61407&pitch=0&thumbfov=100,"https://maps.google.com/maps?um=1&fb=1&gl=in&sa=X&geocode=KVXCdv9jOJw5MencUtu2B9Uu&daddr=7/187%281%29+Old+Sales+Tax+Road,,+Swaroop+Nagar,+Kanpur,+Uttar+Pradesh+208002&ved=2ahUKEwjQ5avhmbmEAxWixIQAHcaYDlkQ48ADegUIABCGAQ","7/187(1) Old Sales Tax Road,, Swaroop Nagar, Kanpur, Uttar Pradesh 208002",26.483355089522,80.312572656148,4.2,10:00 PM
CUTIEPIE SALON AND STYLE STUDIO (LADIES SALON),9919316252,https://lh5.googleusercontent.com/p/AF1QipPyDsWGwQuISULW571xtDwCzGIvWrImJO7cjZ1a=w114-h114-n-k-no,"https://maps.google.com/maps?um=1&fb=1&gl=in&sa=X&geocode=KVefigMnR5w5Mfqx5I2ODQj-&daddr=Puranchand+School+Lane,+Sector+4,+Barra+2,+Barra+World+Bank,+Barra,+Kanpur,+Uttar+Pradesh+208027&ved=2ahUKEwjQ5avhmbmEAxWixIQAHcaYDlkQ48ADegUIABCQAQ","Puranchand School Lane, Sector 4, Barra 2, Barra World Bank, Barra, Kanpur, Uttar Pradesh 208027",26.42702277813,80.303740119145,4.9,6:30 PM
Rider Salon,7985189631,//lh5.googleusercontent.com/proxy/-_PUctYnlPmZulGMPrJMkPn5c44sbu_xR1c2r3hzM1HeKdiEXtwtNqHYS4aI0Qi1675M_1zBU5RHU44nL_FbhAP5ptyu_6IxHT8qfmJ0_YEIu_BjQh6Ehm9I6awHrnZQOL_1ig5Jr2dDttrgy98PU0IAa_s0X2Y3EGaxMVxchIpczWKLX1-YDQ=w144-h144-n-k-no,"https://maps.google.com/maps?um=1&fb=1&gl=in&sa=X&geocode=KR9SpUGhOJw5MaeFeL0-SBGp&daddr=Shop+No-+UGB-20,+2nd+Floor,+Somdutt+Plaza,+Civil+Lines,+Kanpur,+Uttar+Pradesh+208001&ved=2ahUKEwjQ5avhmbmEAxWixIQAHcaYDlkQ48ADegUIABCXAQ","Shop No- UGB-20, 2nd Floor, Somdutt Plaza, Civil Lines, Kanpur, Uttar Pradesh 208001",26.47424,80.34827,4.3,11:00 PM
Lady Point,7706989989,https://streetviewpixels-pa.googleapis.com/v1/thumbnail?panoid=_94GKY49_66kX0k2MpjCBg&cb_client=geo_services_immersive.gps&w=144&h=144&yaw=154.12279&pitch=0&thumbfov=100,"https://maps.google.com/maps?um=1&fb=1&gl=in&sa=X&geocode=KY_Qw6wPR5w5MdYa8zfEwkZa&daddr=118/305,+NEAR,+Hanuman+Park+Rd,+Gumti+No.5,+Kaushalpuri,+Darshan+Purwa,+Kanpur,+Uttar+Pradesh+208012&ved=2ahUKEwjQ5avhmbmEAxWixIQAHcaYDlkQ48ADegUIABCgAQ","118/305, NEAR, Hanuman Park Rd, Gumti No.5, Kaushalpuri, Darshan Purwa, Kanpur, Uttar Pradesh 208012",26.46422025784,80.315584803482,4.6,6:30 PM
"L'oreal Blue Brown Beauty Salon & Academy - Makeup Artist in Kakadeo, Bridal Makeup Artist in Kakadeo",7236016666,https://lh5.googleusercontent.com/p/AF1QipOzSLWdUYAO_giPQ6LOT_7XaTb2_M0e8DDSL5Pw=w114-h114-n-k-no,"https://maps.google.com/maps?um=1&fb=1&gl=in&sa=X&geocode=KSuH8hyiOZw5MRqturIJ34Sr&daddr=117,+NM/97-%CE%91,+Ambedkar+Nagar,+Navin+Nagar,+%CE%9AAKADEO,+Kanpur,+Uttar+Pradesh+208025&ved=2ahUKEwjQ5avhmbmEAxWixIQAHcaYDlkQ48ADegUIABCpAQ","117, NM/97-Α, Ambedkar Nagar, Navin Nagar, ΚAKADEO, Kanpur, Uttar Pradesh 208025",26.476284746527,80.290165440809,5,6:30 PM
CUTIEPIE SALON,9919316252,https://lh5.googleusercontent.com/p/AF1QipN0aX5vIAtTjcNOwOceqc6NTNBg79gv00GWXupU=w114-h114-n-k-no,"https://maps.google.com/maps?um=1&fb=1&gl=in&sa=X&geocode=KX8xKArbR5w5MUnrvqdaK337&daddr=30/4,+3,+Govind+Nagar+Rd,+Main+Govind+Nagar,+Govind+Nagar,+Kanpur,+Uttar+Pradesh+208006&ved=2ahUKEwjQ5avhmbmEAxWixIQAHcaYDlkQ48ADegUIABCyAQ","30/4, 3, Govind Nagar Rd, Main Govind Nagar, Govind Nagar, Kanpur, Uttar Pradesh 208006",26.452629992949,80.30872004121,4.9,6:30 PM
Crona Unisex Salon - Pandu Nagar,9161335551,https://lh5.googleusercontent.com/p/AF1QipMstYveghJyKraJCV_z3SYQFENh0e9O-WFTDfwf=w114-h114-n-k-no,"https://maps.google.com/maps?um=1&fb=1&gl=in&sa=X&geocode=KZcgW9LmOZw5MVYFgCQN_qfJ&daddr=117,+H2/3,+Pandu+Nagar,+Kanpur,+Uttar+Pradesh+208005&ved=2ahUKEwiPnM33mbmEAxXI3IQAHXsdBGIQ48ADegQIABAr","117, H2/3, Pandu Nagar, Kanpur, Uttar Pradesh 208005",26.473950311671,80.302404475077,5,6:30 PM
V Hair Craft,9807502419,https://lh5.googleusercontent.com/p/AF1QipNWhzs7lyJnyuoNIHFlEbgFkY88asHxoCmxA0U1=w114-h114-n-k-no,"https://maps.google.com/maps?um=1&fb=1&gl=in&sa=X&geocode=KZU9iTljOJw5Mdy1wWpKIRk-&daddr=113/131,+B-1,+113,+Khalasi+Line,+Swaroop+Nagar,+Kanpur,+Uttar+Pradesh+208002&ved=2ahUKEwiPnM33mbmEAxXI3IQAHXsdBGIQ48ADegQIABAx","113/131, B-1, 113, Khalasi Line, Swaroop Nagar, Kanpur, Uttar Pradesh 208002",26.486026271339,80.327387284495,4.3,6:30 PM
Spectrum Beauty studio and academy,7985790714,https://lh5.googleusercontent.com/p/AF1QipPfE3sMzD68q2c7J50GzME_zqqby-MUiLwPDFZi=w114-h114-n-k-no,"https://maps.google.com/maps?um=1&fb=1&gl=in&sa=X&geocode=KZlkcJFcR5w5MUgz82a1kt3M&daddr=751+w2,+751+w2,+Damodar+Nagar,+Kanpur,+Uttar+Pradesh+208027&ved=2ahUKEwiPnM33mbmEAxXI3IQAHXsdBGIQ48ADegQIABA7","751 w2, 751 w2, Damodar Nagar, Kanpur, Uttar Pradesh 208027",26.41835,80.30733,4.9,08:00 PM
Miracle A Professional Unisex Salon,7275186363,https://lh5.googleusercontent.com/p/AF1QipPaH8hav5iC-9IU9zAwCmqg8jzOVtEP3nqeIz7W=w114-h114-n-k-no,"https://maps.google.com/maps?um=1&fb=1&gl=in&sa=X&geocode=KUW6PnmLOJw5MRlc5IwG5srV&daddr=Shop+No-7/82,+7/82,+John+Wallinger+Ave,+In+Front+Of+Vijayvila,+Khalasi+Line,+Tilak+Nagar,+Kanpur,+Uttar+Pradesh+208002&ved=2ahUKEwiPnM33mbmEAxXI3IQAHXsdBGIQ48ADegQIABBE","Shop No-7/82, 7/82, John Wallinger Ave, In Front Of Vijayvila, Khalasi Line, Tilak Nagar, Kanpur, Uttar Pradesh 208002",26.47594,80.31486,4.4,6:30 PM
Siya beauty parlour and Coloressence salon,9935933786,https://lh5.googleusercontent.com/p/AF1QipNu9iHtnHHVnQLzHgUqaFbsI1fzb5C3f-LYl4mZ=w114-h114-n-k-no,"https://maps.google.com/maps?um=1&fb=1&gl=in&sa=X&geocode=KSd8ewtGN5w5MVpSIbkQcwHT&daddr=95+Panki+Road+Avas+Vikas-1+Near+Central+bank+chungi+chouki,+behind+Shri+Vaibhav+laxami+jeweller,+Kanpur,+Uttar+Pradesh+208016&ved=2ahUKEwiPnM33mbmEAxXI3IQAHXsdBGIQ48ADegQIABBM","95 Panki Road Avas Vikas-1 Near Central bank chungi chouki, behind Shri Vaibhav laxami jeweller, Kanpur, Uttar Pradesh 208016",26.465930019722,80.23425001662,4.9,6:30 PM
Look At You Beauty Salon,7706989989,https://lh5.googleusercontent.com/p/AF1QipNduFwQGj2eyZTjF16IW_9_ZKpugkDQuGBcpwj8=w114-h114-n-k-no,"https://maps.google.com/maps?um=1&fb=1&gl=in&sa=X&geocode=KfP6Jt68R5w5MenZPaoTJMJv&daddr=124/B/182,+Upstairs+to+Himalaya+Show+Room+Bata+Chauraha,+Govind+Nagar,+Kanpur,+Uttar+Pradesh+208006&ved=2ahUKEwiPnM33mbmEAxXI3IQAHXsdBGIQ48ADegQIABBU","124/B/182, Upstairs to Himalaya Show Room Bata Chauraha, Govind Nagar, Kanpur, Uttar Pradesh 208006",26.447604912764,80.300091718953,5,6:30 PM
REBEL SALON,9336231968,https://lh5.googleusercontent.com/p/AF1QipMJZiZCU44ww-dh1JrIT6Mf16iJWVZeoj4lKj9Q=w114-h114-n-k-no,"https://maps.google.com/maps?um=1&fb=1&gl=in&sa=X&geocode=KRVodO31OZw5MfPq5CPtU9w-&daddr=C37,+beside+Angel+Eyes+Hospital,+Model+Town,+Sarvodaya+Nagar,+Kanpur,+Uttar+Pradesh+208005&ved=2ahUKEwiPnM33mbmEAxXI3IQAHXsdBGIQ48ADegQIABBd","C37, beside Angel Eyes Hospital, Model Town, Sarvodaya Nagar, Kanpur, Uttar Pradesh 208005",26.474457405894,80.297463586629,5,6:30 PM
Magic Touch Beauty Salon by Renu,9511113980,https://lh5.googleusercontent.com/p/AF1QipME0Z3QxekZiTmR6v832YG5W4JXRLT_Ntpu1Zes=w114-h114-n-k-no,"https://maps.google.com/maps?um=1&fb=1&gl=in&sa=X&geocode=KQfbvySrR5w5MUqrnipCOyGO&daddr=Besides+483/3+Vijay+Nagar+Choraha+Road,+Shashtri+Nagar+near+Sabji+Mandi+Choraha,+Kanpur,+Uttar+Pradesh+208025&ved=2ahUKEwiPnM33mbmEAxXI3IQAHXsdBGIQ48ADegQIABBl","Besides 483/3 Vijay Nagar Choraha Road, Shashtri Nagar near Sabji Mandi Choraha, Kanpur, Uttar Pradesh 208025",26.46268999505,80.294220019269,5,08:00 PM
Rider Salon,7800170008,//lh5.googleusercontent.com/proxy/-_PUctYnlPmZulGMPrJMkPn5c44sbu_xR1c2r3hzM1HeKdiEXtwtNqHYS4aI0Qi1675M_1zBU5RHU44nL_FbhAP5ptyu_6IxHT8qfmJ0_YEIu_BjQh6Ehm9I6awHrnZQOL_1ig5Jr2dDttrgy98PU0IAa_s0X2Y3EGaxMVxchIpczWKLX1-YDQ=w144-h144-n-k-no,"https://maps.google.com/maps?um=1&fb=1&gl=in&sa=X&geocode=KR9SpUGhOJw5MaeFeL0-SBGp&daddr=Shop+No-+UGB-20,+2nd+Floor,+Somdutt+Plaza,+Civil+Lines,+Kanpur,+Uttar+Pradesh+208001&ved=2ahUKEwiPnM33mbmEAxXI3IQAHXsdBGIQ48ADegQIABBt","Shop No- UGB-20, 2nd Floor, Somdutt Plaza, Civil Lines, Kanpur, Uttar Pradesh 208001",26.47424,80.34827,4.3,6:30 PM
Vandna's Salon,6388273995,https://lh5.googleusercontent.com/p/AF1QipOcuvkK0JESjXVeW-GarD20hCen2UWEvTzFqIE3=w114-h114-n-k-no,"https://maps.google.com/maps?um=1&fb=1&gl=in&sa=X&geocode=KUE4rnIoR5w5MVUtjBD1M1k_&daddr=51/3,+block+6,+Govind+Nagar,+Kanpur,+Uttar+Pradesh+208006&ved=2ahUKEwiPnM33mbmEAxXI3IQAHXsdBGIQ48ADegQIABB3","51/3, block 6, Govind Nagar, Kanpur, Uttar Pradesh 208006",26.44851905588,80.305295851888,4,6:30 PM
Shabina's Look's Beauty Parlour And Slimming,9415079879,https://lh5.googleusercontent.com/p/AF1QipO3_4HF7eegZA9QmbmldWKP_V7EuDOl8scXc1cO=w114-h114-n-k-no,"https://maps.google.com/maps?um=1&fb=1&gl=in&sa=X&geocode=KWVi93GhOJw5MQ0FRTwyAsFt&daddr=Flat+no.+76+Near+kalyanji+bakery+Naveen+Market,+Stall+No,+Parade,+Kanpur,+Uttar+Pradesh+208001&ved=2ahUKEwiPnM33mbmEAxXI3IQAHXsdBGIQ48ADegUIABCBAQ","Flat no. 76 Near kalyanji bakery Naveen Market, Stall No, Parade, Kanpur, Uttar Pradesh 208001",26.471626768333,80.345270151373,5,6:30 PM
D-Diva's Beauty Salon and Makeup Studio,8604051245,https://lh5.googleusercontent.com/p/AF1QipNLmlrmXkuyU_mC7Yphz8T423QIy6t_rCboH-L_=w114-h114-n-k-no,"https://maps.google.com/maps?um=1&fb=1&gl=in&sa=X&geocode=KTMj2-8oQZw5MfnwA1EMOae8&daddr=C9CF%2BVMW,+G.T.Road,+opp.+Jugal+Palace,+Krishna+Puram,+Kanpur,+Uttar+Pradesh+208007&ved=2ahUKEwiPnM33mbmEAxXI3IQAHXsdBGIQ48ADegUIABCIAQ","C9CF+VMW, G.T.Road, opp. Jugal Palace, Krishna Puram, Kanpur, Uttar Pradesh 208007",26.424230009515,80.371330008084,4.1,6:30 PM
House of Extension by Vandnas salon,9793062801,https://lh5.googleusercontent.com/p/AF1QipNGyEuDnYci8rIyi4cNY-fj_b7_Knu7H7Wl4VQV=w114-h114-n-k-no,"https://maps.google.com/maps?um=1&fb=1&gl=in&sa=X&geocode=KUFLvhjiOZw5MQdIdXAtAdiO&daddr=120/500,+Main,+JK+Temple+Rd,+next+to+James+Aston,+Lajpat+Nagar,+Kanpur,+Uttar+Pradesh+208005&ved=2ahUKEwiPnM33mbmEAxXI3IQAHXsdBGIQ48ADegUIABCRAQ","120/500, Main, JK Temple Rd, next to James Aston, Lajpat Nagar, Kanpur, Uttar Pradesh 208005",26.46860456697,80.306705592357,4.8,6:30 PM
