"Title","Phone Number","Image URL","Direction Link","Address","Latitude","Longitude","Rating","time"
"CTG Plumbing & Sanitary Works","09845850597","https://lh5.googleusercontent.com/p/AF1QipPujL5HujXdcCPEvHyi0eJucSiCkejW2GmaE7nr=w114-h114-n-k-no","https://maps.google.com/maps?um=1&fb=1&gl=in&sa=X&geocode=KYsTCDkJF647MVlADHQK4q9b&daddr=%235,3rd+Cross,1st+Main,+Shampura+Main+Rd,+Gandhi+Nagar,+Arabic+College+Post,+Bangalore,+Bengaluru,+Karnataka+560045&ved=2ahUKEwihudWSsbmEAxXJ1oQAHZQVATgQ48ADegQIABAr","#5,3rd Cross,1st Main, Shampura Main Rd, Gandhi Nagar, Arabic College Post, Bangalore, Bengaluru, Karnataka 560045","12.913439987653","77.55542997157","4.8","09:00 PM"
"Jagan plumbing Service","09060206789","https://lh5.googleusercontent.com/p/AF1QipNhCbwwdBK0LqNL3_JseaUS9ct4N-YzVKCG3-Yy=w114-h114-n-k-no","https://maps.google.com/maps?um=1&fb=1&gl=in&sa=X&geocode=KbMHsKkuFa47MRCqHy1aOcPS&daddr=%2340,+Garden+Layout+Rd,+2nd+Sector,+Garden+Layout,+Sector+2,+HSR+Layout,+Bengaluru,+Karnataka+560102&ved=2ahUKEwihudWSsbmEAxXJ1oQAHZQVATgQ48ADegQIABA0","#40, Garden Layout Rd, 2nd Sector, Garden Layout, Sector 2, HSR Layout, Bengaluru, Karnataka 560102","12.905921376699","77.650094100979","4.9","6:30 PM"
"Sai plumbing work","09986898497","https://lh5.googleusercontent.com/p/AF1QipMsk7TXz9lX66_SvziRMMxZa98zT6OILc-FZL0W=w114-h114-n-k-no","https://maps.google.com/maps?um=1&fb=1&gl=in&sa=X&geocode=KdM8MLejP647MfJXdZUTixxv&daddr=%2309,+10th+E+cross+balaji+nagar,+Ittamadu,+Bengaluru,+Karnataka+560085&ved=2ahUKEwihudWSsbmEAxXJ1oQAHZQVATgQ48ADegQIABA_","#09, 10th E cross balaji nagar, Ittamadu, Bengaluru, Karnataka 560085","12.923104755322","77.54432898048","4.7","08:00 PM"
"Go Plumber - plumbing services ( Bangalore )","09380805849","https://lh5.googleusercontent.com/p/AF1QipPSwPEWaW3CxhCHXlye-G0yLVrOT2ZeumrP2O04=w114-h114-n-k-no","https://maps.google.com/maps?um=1&fb=1&gl=in&sa=X&geocode=KZM5rL3GFa47MQqePgAX-Lfm&daddr=Please,+24th+Main+Rd,+Garden+Layout,+Sector+2,+HSR+Layout,+Bengaluru,+Karnataka+560102&ved=2ahUKEwihudWSsbmEAxXJ1oQAHZQVATgQ48ADegQIABBK","Please, 24th Main Rd, Garden Layout, Sector 2, HSR Layout, Bengaluru, Karnataka 560102","12.909608612345","77.649267133497","5.0","6:30 PM"
"bangalore plumbing work","09738948227","https://lh5.googleusercontent.com/p/AF1QipPO7mpYTlzj_ki03ZvZNoEstctzCmr0rotW8t7V=w114-h114-n-k-no","https://maps.google.com/maps?um=1&fb=1&gl=in&sa=X&geocode=KU0TojSva647MXoHjgN2vdZT&daddr=810+holabeedi,+Begur+Rd,+Bengaluru,+Karnataka+560068&ved=2ahUKEwihudWSsbmEAxXJ1oQAHZQVATgQ48ADegQIABBU","810 holabeedi, Begur Rd, Bengaluru, Karnataka 560068","12.877481379324","77.625611027354","4.7","6:30 PM"
"Jagannath plumbing services","07978098440","https://lh5.googleusercontent.com/p/AF1QipMddCZOd_qfVyqeMMWDpygHEYCAuwxXVEhBZABM=w114-h114-n-k-no","https://maps.google.com/maps?um=1&fb=1&gl=in&sa=X&geocode=KUtY1eUtEa47MTQYLcXEih-q&daddr=49,+1st+Cross+Rd,+muneswara+layout,+krishnayanapalya,+Indiranagar,+Bengaluru,+Karnataka+560038&ved=2ahUKEwihudWSsbmEAxXJ1oQAHZQVATgQ48ADegQIABBe","49, 1st Cross Rd, muneswara layout, krishnayanapalya, Indiranagar, Bengaluru, Karnataka 560038","12.981540017287","77.643250020986","4.8","6:30 PM"
"SRI RAM PLUMBING MAINTENANCE SERVICES BANGALORE","09337929447","https://lh5.googleusercontent.com/p/AF1QipP2DT9S6dUfT1vKAvB3J71TKjKcjVHukblFBaLv=w114-h114-n-k-no","https://maps.google.com/maps?um=1&fb=1&gl=in&sa=X&geocode=KRsbczPkE647MZM_nhQEtwGN&daddr=Babu+tailor,+4th+Cross+Rd,+Kundalahalli+Colony,+th,+Bengaluru,+Karnataka+560037&ved=2ahUKEwihudWSsbmEAxXJ1oQAHZQVATgQ48ADegQIABBo","Babu tailor, 4th Cross Rd, Kundalahalli Colony, th, Bengaluru, Karnataka 560037","12.957860009259","77.696130023196","4.9","6:30 PM"
"Shivu Plumbing And Sanitary Works","09900483646","https://streetviewpixels-pa.googleapis.com/v1/thumbnail?panoid=1dB2CRrXxDlyAhcAhf6WZQ&cb_client=geo_services_immersive.gps&w=144&h=144&yaw=26.90617&pitch=0&thumbfov=100","https://maps.google.com/maps?um=1&fb=1&gl=in&sa=X&geocode=KVGCg-jePa47MaP_pP2HGLTL&daddr=%23+1851/1,+21st+Main,+20th+Cross,+Vijayanagar,+Bengaluru,+Karnataka+560040&ved=2ahUKEwihudWSsbmEAxXJ1oQAHZQVATgQ48ADegQIABBx","# 1851/1, 21st Main, 20th Cross, Vijayanagar, Bengaluru, Karnataka 560040","12.967840006094","77.533829974725","4.8","6:30 PM"
"HAKSHAYA PLUMBING SERVICES","08073448436","https://lh5.googleusercontent.com/p/AF1QipPGNMwzImFmMARuG9rdJ3LHXqg2WQz1wwUfPI53=w114-h114-n-k-no","https://maps.google.com/maps?um=1&fb=1&gl=in&sa=X&geocode=KesVbPquFa47MbL4k0m9UUPZ&daddr=Phone+:-+9686040211,+NO.+867,+9TH+CROSS,+16th+Main+Rd,+BTM+2nd+Stage,+Bengaluru,+Karnataka+560076&ved=2ahUKEwihudWSsbmEAxXJ1oQAHZQVATgQ48ADegQIABB8","Phone :- 9686040211, NO. 867, 9TH CROSS, 16th Main Rd, BTM 2nd Stage, Bengaluru, Karnataka 560076","12.906290014696","77.611299966281","4.9","6:30 PM"
"Rupachandra plumbing services","09980798772","https://lh5.googleusercontent.com/p/AF1QipPXcQ6kg9DYlcpGD2pAVPpy6q9yYkfV6uPUGWYw=w114-h114-n-k-no","https://maps.google.com/maps?um=1&fb=1&gl=in&sa=X&geocode=KZmHwWxxFa47MQ-Da0Wk97bs&daddr=2nd+floor+10th+cross,+29th+Main+Rd,+BTM+2nd+Stage,+Bengaluru,+Karnataka+560076&ved=2ahUKEwihudWSsbmEAxXJ1oQAHZQVATgQ48ADegUIABCGAQ","2nd floor 10th cross, 29th Main Rd, BTM 2nd Stage, Bengaluru, Karnataka 560076","12.890119982366","77.61082999297","4.9","6:30 PM"
"Naik plumbing service","09108860406","https://lh5.googleusercontent.com/p/AF1QipMk26M8YYCO7j_p-pq-nbmrneE1rbRY-s_AUlaI=w114-h114-n-k-no","https://maps.google.com/maps?um=1&fb=1&gl=in&sa=X&geocode=KZMnYbSGFa47MbTgNLWCb3jP&daddr=No.158/7/2+4th+Cross+Kittur,+Rani+Chennamma+Road,+Viratnagar,+Bommanahalli,+Bengaluru,+Karnataka+560068&ved=2ahUKEwihudWSsbmEAxXJ1oQAHZQVATgQ48ADegUIABCPAQ","No.158/7/2 4th Cross Kittur, Rani Chennamma Road, Viratnagar, Bommanahalli, Bengaluru, Karnataka 560068","12.904232324447","77.622704962485","4.5","6:30 PM"
"Babulu plumbers","09901212903","https://lh5.googleusercontent.com/p/AF1QipPsCKRVqxIQBrpx95c58TQWIyjXfVIqptFJqP0Q=w114-h114-n-k-no","https://maps.google.com/maps?um=1&fb=1&gl=in&sa=X&geocode=KWGDIimDE647MREczr14I46s&daddr=88/1,ward+no,+bus+stop,+66,opp,+Sarjapur+-+Marathahalli+Rd,+Jakkasandra,+Bengaluru,+Karnataka+560034&ved=2ahUKEwihudWSsbmEAxXJ1oQAHZQVATgQ48ADegUIABCiAQ","88/1,ward no, bus stop, 66,opp, Sarjapur - Marathahalli Rd, Jakkasandra, Bengaluru, Karnataka 560034","12.919039979074","77.629800000056","4.4","6:30 PM"
"HOME PLUMBER, WATER TANK CLEANER, PAINTER, ELECTRICIAN SERVICE BANGLORE","09342972435","https://lh5.googleusercontent.com/p/AF1QipOCfqKE9gH66sAf8zuqK_nZNJl_QgwmpmZAl64H=w114-h114-n-k-no","https://maps.google.com/maps?um=1&fb=1&gl=in&sa=X&geocode=KXlb9sAKDa47MXF6ILOL5MKd&daddr=Bharath+Petrol+bunk,+C37,+Whitefield+Main+Rd,+Bengaluru,+Karnataka+560066&ved=2ahUKEwihudWSsbmEAxXJ1oQAHZQVATgQ48ADegUIABCtAQ","Bharath Petrol bunk, C37, Whitefield Main Rd, Bengaluru, Karnataka 560066","12.988320013037","77.707179969972","4.7","09:00 PM"
"Jagannath Plumbing Works","07892403761","https://lh5.googleusercontent.com/p/AF1QipOZo1jvOgmRZ2XijCOXJEHELdH_t0w1LVnRB7q-=w114-h114-n-k-no","https://maps.google.com/maps?um=1&fb=1&gl=in&sa=X&geocode=KalnYEviFa47MYuXkO__khlp&daddr=No+15,+24th+Main+Rd,+5th+Phase,+Shri+Kanteshwar+Layout,+J+P+Nagar+Phase+5,+J.+P.+Nagar,+Bengaluru,+Karnataka+560078&ved=2ahUKEwihudWSsbmEAxXJ1oQAHZQVATgQ48ADegUIABC3AQ","No 15, 24th Main Rd, 5th Phase, Shri Kanteshwar Layout, J P Nagar Phase 5, J. P. Nagar, Bengaluru, Karnataka 560078","12.91358998181","77.585749997564","4.6","6:30 PM"
"Srisairam Plumbing services","08892999030","https://lh5.googleusercontent.com/p/AF1QipNisJnrrXIbJoqalnx2lj0MagtYSbNqAJvkbad8=w114-h114-n-k-no","https://maps.google.com/maps?um=1&fb=1&gl=in&sa=X&geocode=KfWgCMmwFa47McQAb2KCB5kU&daddr=18,+8th+Main+Rd,+Nataraja+Layout,+Santrupthi+Nagar,+JP+Nagar+7th+Phase,+Arekere,+Bengaluru,+Karnataka+560078&ved=2ahUKEwihudWSsbmEAxXJ1oQAHZQVATgQ48ADegUIABDCAQ","18, 8th Main Rd, Nataraja Layout, Santrupthi Nagar, JP Nagar 7th Phase, Arekere, Bengaluru, Karnataka 560078","12.880419983007","77.579389977073","4.8","6:30 PM"
"SRI BALAJI PLUMBING WORKS","08147404234","https://lh5.googleusercontent.com/p/AF1QipOMCFA011CwB5ZkTBN1R9ifAYF7gLRAVbH-afOe=w114-h114-n-k-no","https://maps.google.com/maps?um=1&fb=1&gl=in&sa=X&geocode=KTMgzsffGa47MQ92OEYJMFSd&daddr=Ananthapura+Gate,+Post,+near+Prestige+Monte+Carlo,+Singanayakanahalli,+Bengaluru,+Karnataka+560064&ved=2ahUKEwihudWSsbmEAxXJ1oQAHZQVATgQ48ADegUIABDMAQ","Ananthapura Gate, Post, near Prestige Monte Carlo, Singanayakanahalli, Bengaluru, Karnataka 560064","13.11427","77.57875","4.8","11:00 PM"
"Mahesh Plumbing Work","07676199085","https://lh5.googleusercontent.com/p/AF1QipNH-m1CYkPqQZK6gVr5dXzftASMR3yCltF3bKru=w114-h114-n-k-no","https://maps.google.com/maps?um=1&fb=1&gl=in&sa=X&geocode=KVX0MSHrE647MR6c0sWShGF8&daddr=Chandra+Layout,+Marathahalli,+Bengaluru,+Karnataka+560037&ved=2ahUKEwihudWSsbmEAxXJ1oQAHZQVATgQ48ADegUIABDVAQ","Chandra Layout, Marathahalli, Bengaluru, Karnataka 560037","12.961072028828","77.687702906622","4.8","6:30 PM"
"SLV PLUMBING&ELECTRICAL services ,","09900189861","https://lh5.googleusercontent.com/p/AF1QipOhg6jS-mU7dGrEfaeE2s22Jo5cUFyxuDQ5C7ME=w114-h114-n-k-no","https://maps.google.com/maps?um=1&fb=1&gl=in&sa=X&geocode=KTESMPm8P647MTCfnokTQMxP&daddr=534,+11th+Cross+Rd,+near+bhramaligeshwara+bakery,+doddu,+Gowdanapalya,+sp+post,+Bengaluru,+Karnataka+560061&ved=2ahUKEwihudWSsbmEAxXJ1oQAHZQVATgQ48ADegUIABDeAQ","534, 11th Cross Rd, near bhramaligeshwara bakery, doddu, Gowdanapalya, sp post, Bengaluru, Karnataka 560061","12.916594998872","77.566230011902","4.9","6:30 PM"
"Murthy plumbing works","09008106663","https://lh5.googleusercontent.com/p/AF1QipMqcDRaU3PNwg58y8nM_Hif0lxbDJc_pIIYEODl=w114-h114-n-k-no","https://maps.google.com/maps?um=1&fb=1&gl=in&sa=X&geocode=KZVAfb93Fa47MQrpbk8IumP-&daddr=No-63,16th+main,+17th+Cross+Rd,+BTM+2nd+Stage,+Bengaluru,+Karnataka+560076&ved=2ahUKEwihudWSsbmEAxXJ1oQAHZQVATgQ48ADegUIABDoAQ","No-63,16th main, 17th Cross Rd, BTM 2nd Stage, Bengaluru, Karnataka 560076","12.907060018232","77.610780036827","4.8","6:30 PM"
"Sri Lakshmi Plumbing Sanitary works","09845068259","https://lh5.googleusercontent.com/p/AF1QipPkvRrPCg7utXKaUe3wS5znCuLlB686O-PWqFI=w114-h114-n-k-no","https://maps.google.com/maps?um=1&fb=1&gl=in&sa=X&geocode=KdMqYBOePa47MZ2q5v_Yu-tg&daddr=12th+Cross,+Srinivasa+Temple,+Mahalakshmi+Layout,+Bengaluru,+Karnataka+560086&ved=2ahUKEwi-vpepsbmEAxUA14QAHSvDBAUQ48ADegQIABAq","12th Cross, Srinivasa Temple, Mahalakshmi Layout, Bengaluru, Karnataka 560086","13.00831","77.54506","4.5","09:00 PM"
"SIRI Plumbing","09980457523","https://lh5.googleusercontent.com/p/AF1QipOB_OlJqHccBnd9vHOe9960kpOUgTsaAGdN1Zgl=w114-h114-n-k-no","https://maps.google.com/maps?um=1&fb=1&gl=in&sa=X&geocode=Kb824QvTFa47MeRXPUnZ38Zh&daddr=98/A,+3rd+Main+Rd,+Jagruthi+Colony,+BOB+Colony,+JP+Nagar+7th+Phase,+J.+P.+Nagar,+Bengaluru,+Karnataka+560078&ved=2ahUKEwi-vpepsbmEAxUA14QAHSvDBAUQ48ADegQIABA0","98/A, 3rd Main Rd, Jagruthi Colony, BOB Colony, JP Nagar 7th Phase, J. P. Nagar, Bengaluru, Karnataka 560078","12.87329000089","77.582400002322","4.9","6:30 PM"
"A2Z Plumbing and Sanitary works","09110252658","https://lh5.googleusercontent.com/p/AF1QipPhvVpkE6-vhXvw4OsVGutrAvz0xkA3-rXsdwXk=w114-h114-n-k-no","https://maps.google.com/maps?um=1&fb=1&gl=in&sa=X&geocode=KSVSkBs3FK47MU99nRPc6sng&daddr=Koramangala+8th+Block+822+1st+main,+8th+Cross+Rd,+Rajendra+Nagar,+Bengaluru,+Karnataka+560047&ved=2ahUKEwi-vpepsbmEAxUA14QAHSvDBAUQ48ADegQIABA_","Koramangala 8th Block 822 1st main, 8th Cross Rd, Rajendra Nagar, Bengaluru, Karnataka 560047","12.946765231744","77.616857520618","4.2","6:30 PM"
"Balaji Plumbing Works","09741903649","https://lh5.googleusercontent.com/p/AF1QipMbuqwBC0-IXk22Xio9rlwM7_oTfy1dorWGFg8d=w114-h114-n-k-no","https://maps.google.com/maps?um=1&fb=1&gl=in&sa=X&geocode=Kd9c402yFa47MStcKUvxdu7v&daddr=Residing.+38,+13th+Main+Nataraja+layout,+Kothanur,+JP+Nagar+7th+Phase,+Bengaluru,+Karnataka+560078&ved=2ahUKEwi-vpepsbmEAxUA14QAHSvDBAUQ48ADegQIABBK","Residing. 38, 13th Main Nataraja layout, Kothanur, JP Nagar 7th Phase, Bengaluru, Karnataka 560078","12.888768869693","77.584593651743","4.7","6:30 PM"
"UK plumbing services, & electrical installation","08095959775","https://lh5.googleusercontent.com/p/AF1QipOBb8jvmfSV1Qwji1O6Xw_Bh9sIWqcenEFMMFMC=w114-h114-n-k-no","https://maps.google.com/maps?um=1&fb=1&gl=in&sa=X&geocode=KcMGTUNqD647MUabKOlZAGl3&daddr=Sathya+Sai+Layout,+Whitefield,+Bengaluru,+Karnataka+560067&ved=2ahUKEwi-vpepsbmEAxUA14QAHSvDBAUQ48ADegQIABBV","Sathya Sai Layout, Whitefield, Bengaluru, Karnataka 560067","13.00712179421","77.716477715171","4.8","6:30 PM"
"DS Plumbing Enterprises","09986758499","https://lh5.googleusercontent.com/p/AF1QipOxb0KQ6I9o5pIEnsvgaCRg60Mcm6Cb5OFd1Bdr=w114-h114-n-k-no","https://maps.google.com/maps?um=1&fb=1&gl=in&sa=X&geocode=KbVYpLoZEa47MX1R3UPA8vm7&daddr=No.+180,+1st+Main+Rd,+NGEF+Layout,+Krishnanpalya,+Indiranagar,+Bengaluru,+Karnataka+560038&ved=2ahUKEwi-vpepsbmEAxUA14QAHSvDBAUQ48ADegQIABBf","No. 180, 1st Main Rd, NGEF Layout, Krishnanpalya, Indiranagar, Bengaluru, Karnataka 560038","12.969270000686","77.627899990244","4.4","6:30 PM"
"Faiza Plumbing Service","07090344882","https://lh5.googleusercontent.com/p/AF1QipO9EqDrzXrkHkYFJ4HnWNo6hxm3ggSJNdPhoG3E=w114-h114-n-k-no","https://maps.google.com/maps?um=1&fb=1&gl=in&sa=X&geocode=Kb2CLzMyGa47MTQx_g_waXQq&daddr=Yelahanka+New+Town,+Bengaluru,+Karnataka+560064&ved=2ahUKEwi-vpepsbmEAxUA14QAHSvDBAUQ48ADegQIABBp","Yelahanka New Town, Bengaluru, Karnataka 560064","13.103432225874","77.576594949404","4.7","6:30 PM"
"M.N.B PLUMBING SERVICES","07019237690","https://lh5.googleusercontent.com/p/AF1QipM8z2PIuXYZLnneF9HlkKObfQleZGXLLLCbM-ou=w114-h114-n-k-no","https://maps.google.com/maps?um=1&fb=1&gl=in&sa=X&geocode=KdfQtR8oEa47MX51-uV1Fvcz&daddr=179/7+,ground+floor,+8th+main,+9th+cross,+NGEF+Main+Rd,+Krishnaiyyanapalya,+Bengaluru,+Karnataka+560038&ved=2ahUKEwi-vpepsbmEAxUA14QAHSvDBAUQ48ADegQIABBy","179/7 ,ground floor, 8th main, 9th cross, NGEF Main Rd, Krishnaiyyanapalya, Bengaluru, Karnataka 560038","12.996426452454","77.653320867435","5.0","6:30 PM"
"Sri Lakshmi Venkata Ganapathi Plumbing Works","07019953008","https://lh5.googleusercontent.com/p/AF1QipNNDb_Q2kfmbheQXhjxrDZIHP3XDKLi5QUz6jpi=w114-h114-n-k-no","https://maps.google.com/maps?um=1&fb=1&gl=in&sa=X&geocode=Kc0FUnFEa647MYzutaprnKLv&daddr=VM63%2BP7F,+Pragathi+Nagar,+Basapura,+Bengaluru,+Karnataka+560100&ved=2ahUKEwi-vpepsbmEAxUA14QAHSvDBAUQ48ADegQIABB6","VM63+P7F, Pragathi Nagar, Basapura, Bengaluru, Karnataka 560100","12.878530885521","77.674373076767","4.0","6:30 PM"
"Star plumbing , painting,growting service.","09844137007","https://streetviewpixels-pa.googleapis.com/v1/thumbnail?panoid=zNqUkIu-j_N6XvY3qPSRHA&cb_client=geo_services_immersive.gps&w=144&h=144&yaw=251.3265&pitch=0&thumbfov=100","https://maps.google.com/maps?um=1&fb=1&gl=in&sa=X&geocode=KTVCeyJPI647MbgbXIxnucRq&daddr=Vidyaranyapura+Main+Rd,+Defence+Layout,+AMS+Layout,+Vidyaranyapura,+Bengaluru,+Karnataka+560097&ved=2ahUKEwi-vpepsbmEAxUA14QAHSvDBAUQ48ADegUIABCEAQ","Vidyaranyapura Main Rd, Defence Layout, AMS Layout, Vidyaranyapura, Bengaluru, Karnataka 560097","13.085298710222","77.557315946089","4.7","6:30 PM"
"Darshit Plumbing Services and Contractors","08722308120","https://lh5.googleusercontent.com/p/AF1QipNb4IuFMkQnkn0QjH1vIkWC9yPRHjY30eyOLeNS=w114-h114-n-k-no","https://maps.google.com/maps?um=1&fb=1&gl=in&sa=X&geocode=KQkqBS3tEa47MQ-Eub61Stfc&daddr=House+no.+19,+5th+Cross,+7th+Hills+Gardens,+L+Narayana+Reddy+Main+Rd,+Brindavan+Estate,+Vignan+Nagar,+Marathahalli,+Bengaluru,+Karnataka+560037&ved=2ahUKEwi-vpepsbmEAxUA14QAHSvDBAUQ48ADegUIABCPAQ","House no. 19, 5th Cross, 7th Hills Gardens, L Narayana Reddy Main Rd, Brindavan Estate, Vignan Nagar, Marathahalli, Bengaluru, Karnataka 560037","12.956772045901","77.701697126902","4.9","6:30 PM"
"Sriram Plumbing & Electricals","08431933890","https://lh5.googleusercontent.com/p/AF1QipM5yNNZKsslCLEN7Bsr9w850891aiym5jw9q0xF=w114-h114-n-k-no","https://maps.google.com/maps?um=1&fb=1&gl=in&sa=X&geocode=KS9kcqibE647MaqZo8vYdh_3&daddr=76,3TD+cross,vagdevi+layout.Monnekolal,+Marathahalli,+Bengaluru,+Karnataka+560037&ved=2ahUKEwi-vpepsbmEAxUA14QAHSvDBAUQ48ADegUIABCYAQ","76,3TD cross,vagdevi layout.Monnekolal, Marathahalli, Bengaluru, Karnataka 560037","12.950609304103","77.706204023673","5.0","6:30 PM"
"GBJ Plumbing Services","07019498717","https://lh5.googleusercontent.com/p/AF1QipN6Bw5QIpXCggTJBOcG1kLlxtgZ9ACW65JCNXWg=w114-h114-n-k-no","https://maps.google.com/maps?um=1&fb=1&gl=in&sa=X&geocode=KccYGFsLFa47Meil2j3-vDOx&daddr=24th+Main+Rd,+Agara+Village,+1st+Sector,+HSR+Layout,+Bengaluru,+Karnataka+560102&ved=2ahUKEwi-vpepsbmEAxUA14QAHSvDBAUQ48ADegUIABCjAQ","24th Main Rd, Agara Village, 1st Sector, HSR Layout, Bengaluru, Karnataka 560102","12.921513761559","77.651542956234","5.0","6:30 PM"
"Plumbing @ E city","09482773737","https://lh5.googleusercontent.com/p/AF1QipOKAqRu4bObCLEdyHsuJTpIHtNh7RyiibRdcbMl=w114-h114-n-k-no","https://maps.google.com/maps?um=1&fb=1&gl=in&sa=X&geocode=KZGCFC_Rba47MTh6U-osAZcc&daddr=889+Govinda+Shetty+Palya,+Lake+Rd,+Phase+2,+Bengaluru,+Karnataka+560100&ved=2ahUKEwi-vpepsbmEAxUA14QAHSvDBAUQ48ADegUIABCuAQ","889 Govinda Shetty Palya, Lake Rd, Phase 2, Bengaluru, Karnataka 560100","12.861616536577","77.684648430497","4.3","6:30 PM"
"SmartFix Solutions","09900483646","https://lh5.googleusercontent.com/p/AF1QipOhtLw_YwhC56_qOgDUIZPN821uhqLjgvELmrQv=w114-h114-n-k-no","https://maps.google.com/maps?um=1&fb=1&gl=in&sa=X&geocode=KQP_dPbqF647McSnTprsWdON&daddr=No.3,+Kaggadasapura+Main+Rd,+Nagavarapalya,+C+V+Raman+Nagar,+Bengaluru,+Karnataka+560034&ved=2ahUKEwi-vpepsbmEAxUA14QAHSvDBAUQ48ADegUIABC3AQ","No.3, Kaggadasapura Main Rd, Nagavarapalya, C V Raman Nagar, Bengaluru, Karnataka 560034","12.984550000627","77.676249992883","4.3","08:00 PM"
"Shivu Plumbing And Sanitary Works","09741141498","https://streetviewpixels-pa.googleapis.com/v1/thumbnail?panoid=1dB2CRrXxDlyAhcAhf6WZQ&cb_client=geo_services_immersive.gps&w=144&h=144&yaw=26.90617&pitch=0&thumbfov=100","https://maps.google.com/maps?um=1&fb=1&gl=in&sa=X&geocode=KVGCg-jePa47MaP_pP2HGLTL&daddr=%23+1851/1,+21st+Main,+20th+Cross,+Vijayanagar,+Bengaluru,+Karnataka+560040&ved=2ahUKEwi-vpepsbmEAxUA14QAHSvDBAUQ48ADegUIABDAAQ","# 1851/1, 21st Main, 20th Cross, Vijayanagar, Bengaluru, Karnataka 560040","12.967840006094","77.533829974725","4.8","6:30 PM"
"NM GROUP Plumbing Work","09449170046","https://lh5.googleusercontent.com/p/AF1QipOYQs6DwEcLwZJvWkxYzeSxPvch2WBVajI9h9J6=w114-h114-n-k-no","https://maps.google.com/maps?um=1&fb=1&gl=in&sa=X&geocode=Kbfyli8LFa47MUTNzxfMQ2eJ&daddr=Stage,+12/1,+3rd+Cross+Rd,+Narayana+Gowda+layout,+Cashier+Layout,+1st+Stage,+BTM+1st+Stage,+Bengaluru,+Karnataka+560029&ved=2ahUKEwi-vpepsbmEAxUA14QAHSvDBAUQ48ADegUIABDLAQ","Stage, 12/1, 3rd Cross Rd, Narayana Gowda layout, Cashier Layout, 1st Stage, BTM 1st Stage, Bengaluru, Karnataka 560029","12.92231001096","77.612549959502","4.7","6:30 PM"
"Banashankari Plumbing and Engineering Works","09945343545","https://streetviewpixels-pa.googleapis.com/v1/thumbnail?panoid=9ReAev7KmP3R3eFgjtcizg&cb_client=geo_services_immersive.gps&w=144&h=144&yaw=60.682827&pitch=0&thumbfov=100","https://maps.google.com/maps?um=1&fb=1&gl=in&sa=X&geocode=Ke3vaGyUFa47MUc6AFNQOky0&daddr=44,+Rashtriya+Vidyalaya+Rd,+2nd+Block,+Jayanagar,+Bengaluru,+Karnataka+560004&ved=2ahUKEwi-vpepsbmEAxUA14QAHSvDBAUQ48ADegUIABDUAQ","44, Rashtriya Vidyalaya Rd, 2nd Block, Jayanagar, Bengaluru, Karnataka 560004","12.939199871673","77.580070000878","4.4","6:30 PM"
"Banshankari Plumbing and Engineering Works","09886348544","https://lh5.googleusercontent.com/p/AF1QipO3FRhSQP5EQchm0z4j4sk9Q84DIzUC5MR8m6Kb=w114-h114-n-k-no","https://maps.google.com/maps?um=1&fb=1&gl=in&sa=X&geocode=KTX-bWgnPq47MbkIExVRBLaI&daddr=WHP6%2B8FV,+Kathriguppe+Main+Rd,+Ashok+Nagar,+Banashankari+1st+Stage,+Banashankari,+Bengaluru,+Karnataka+560050&ved=2ahUKEwioiaTKsbmEAxUB3YQAHWRpA6YQ48ADegQIABAq","WHP6+8FV, Kathriguppe Main Rd, Ashok Nagar, Banashankari 1st Stage, Banashankari, Bengaluru, Karnataka 560050","12.939130017971","77.551229967527","4.3","6:30 PM"
"Prafulla Kumar Plumber","09742335334","https://lh5.googleusercontent.com/p/AF1QipMjG-uY3N-_OYdXBhaZLzbB5MXkiyaOrLWvxfs7=w114-h114-n-k-no","https://maps.google.com/maps?um=1&fb=1&gl=in&sa=X&geocode=KVV0lYD_F647MWiGDt12QNt8&daddr=8.C/O+Jayamma,+1st+Main+Rd,+Krishnanpalya,+Indiranagar,+Bengaluru,+Karnataka+560038&ved=2ahUKEwioiaTKsbmEAxUB3YQAHWRpA6YQ48ADegQIABAx","8.C/O Jayamma, 1st Main Rd, Krishnanpalya, Indiranagar, Bengaluru, Karnataka 560038","12.977180002712","77.643269969916","5.0","6:30 PM"
"SHIVAKUMAR PLUMBING WORK","09620092766","https://lh5.googleusercontent.com/p/AF1QipPgqrMo3GzOv3FfPFRQMUK7EDD9roDQ_YDKqAQZ=w114-h114-n-k-no","https://maps.google.com/maps?um=1&fb=1&gl=in&sa=X&geocode=KUH-OhFtF647Mas3vcRPgLZ8&daddr=175/1,+Balappa+Layout+Nagara+Panchami+Temple+SB+Palya,+MS+Nagar+Post,+Bengaluru,+Karnataka+560033&ved=2ahUKEwioiaTKsbmEAxUB3YQAHWRpA6YQ48ADegQIABA6","175/1, Balappa Layout Nagara Panchami Temple SB Palya, MS Nagar Post, Bengaluru, Karnataka 560033","13.038669979683","77.573879965383","4.5","6:30 PM"
"Shri Achyuta Plumbing Work","09380450716","https://streetviewpixels-pa.googleapis.com/v1/thumbnail?panoid=jzMtJl3BmacfZIJJqzFEcA&cb_client=geo_services_immersive.gps&w=144&h=144&yaw=8.037363&pitch=0&thumbfov=100","https://maps.google.com/maps?um=1&fb=1&gl=in&sa=X&geocode=Kb3FpZbrF647MeAz39Aptpfm&daddr=No:+14,+5th+Cross,+Swamy+Shivanandapuram,+Shivaji+Nagar,+Bengaluru,+Karnataka+560051&ved=2ahUKEwioiaTKsbmEAxUB3YQAHWRpA6YQ48ADegQIABBM","No: 14, 5th Cross, Swamy Shivanandapuram, Shivaji Nagar, Bengaluru, Karnataka 560051","12.986627507594","77.601807526117","5.0","08:00 PM"
"RMS Plumbing and sanitary works and services","07899421056","https://lh5.googleusercontent.com/p/AF1QipNmuA8WD7Wh6-FXVrlJSiDSH-o4jWgZKMmIwtFk=w114-h114-n-k-no","https://maps.google.com/maps?um=1&fb=1&gl=in&sa=X&geocode=KU8bOEs-Ga47Mbd0eVCS6xWK&daddr=1,+THINDLU,+GKVK+ROAD+,GOWDAR+BEEDI,+VIDYARANYAPUR,+POST,+Bengaluru,+Karnataka+560097&ved=2ahUKEwioiaTKsbmEAxUB3YQAHWRpA6YQ48ADegQIABBV","1, THINDLU, GKVK ROAD ,GOWDAR BEEDI, VIDYARANYAPUR, POST, Bengaluru, Karnataka 560097","13.057279984028","77.64424000757","4.8","6:30 PM"
"Best Plumbing Services","09035939042","https://lh5.googleusercontent.com/p/AF1QipOBC6KIIGysxnDCTvWSc_KwNpUkHAas-43rJgFi=w114-h114-n-k-no","https://maps.google.com/maps?um=1&fb=1&gl=in&sa=X&geocode=KWs-odFeEa47MUROIFki_0I6&daddr=115,+Hoodi,+Bengaluru,+Karnataka+560066&ved=2ahUKEwioiaTKsbmEAxUB3YQAHWRpA6YQ48ADegQIABBc","115, Hoodi, Bengaluru, Karnataka 560066","12.986887122611","77.717714332279","4.7","6:30 PM"
"S K nayak Plumber","09535202701","https://lh5.googleusercontent.com/p/AF1QipML0m-41DnwXUqwQ_zBGJqG1IuI4JEt66dS_v5o=w114-h114-n-k-no","https://maps.google.com/maps?um=1&fb=1&gl=in&sa=X&geocode=KWekpBbKF647MfAIY7fZXswb&daddr=56+west+portion+nagakaliamma+temple+Street,+Thanisandra+Main+Rd,+Amarjyothi+Extension,+Ashwath+Nagar,+Bengaluru,+Karnataka+560077&ved=2ahUKEwioiaTKsbmEAxUB3YQAHWRpA6YQ48ADegQIABBn","56 west portion nagakaliamma temple Street, Thanisandra Main Rd, Amarjyothi Extension, Ashwath Nagar, Bengaluru, Karnataka 560077","13.051091418534","77.628534094496","4.8","6:30 PM"
"Help4uhome service","09482007766","https://lh5.googleusercontent.com/p/AF1QipPF5c0JNi7JcKA4vyVt7D9Fi1Sh3ZqpRHcg8cul=w114-h114-n-k-no","https://maps.google.com/maps?um=1&fb=1&gl=in&sa=X&geocode=KQl-Q3vPEa47MT7u4jofyVOA&daddr=No+3%264,+Ground+floor,+2nd+Cross+St,+AbhivrudhiLayout+Friends+layout,+Seegehalli,+Bengaluru,+Karnataka+560049&ved=2ahUKEwioiaTKsbmEAxUB3YQAHWRpA6YQ48ADegQIABB5","No 3&4, Ground floor, 2nd Cross St, AbhivrudhiLayout Friends layout, Seegehalli, Bengaluru, Karnataka 560049","13.017445025145","77.71882101292","4.9","06:00 PM"
"Btc plumbing services","09591774711","https://lh5.googleusercontent.com/p/AF1QipOTCb3XB4Tp8566_8Jdf5P3LsWTLAJ7_-T_G_bk=w114-h114-n-k-no","https://maps.google.com/maps?um=1&fb=1&gl=in&sa=X&geocode=Kc0bPl-iF647MUKE6Nh4aEZZ&daddr=6,+2nd+Cross,+Seethappa+Layout,+Chamundi+Nagar,+Near-Rajiv+Gandhi+Dental+Collage,+R+T+Nagar+Post,+Bengaluru,+Karnataka+560032&ved=2ahUKEwioiaTKsbmEAxUB3YQAHWRpA6YQ48ADegUIABCCAQ","6, 2nd Cross, Seethappa Layout, Chamundi Nagar, Near-Rajiv Gandhi Dental Collage, R T Nagar Post, Bengaluru, Karnataka 560032","13.032613808798","77.599165179871","4.8","6:30 PM"
"GK Plumbing & Electrical Services & repair","08005068497","https://lh5.googleusercontent.com/p/AF1QipNgX1UeGLfMTHcjuWG_pYyU-bAjHGmp9Yr9R5vr=w114-h114-n-k-no","https://maps.google.com/maps?um=1&fb=1&gl=in&sa=X&geocode=KaOjGINfPa47MZ583Kk3zW99&daddr=2HP6%2BFQ4,+1st+E+Cross+Rd,+near+Lakshmi+Tent,+Gokula+Extension,+Mathikere+Extension,+Mathikere,+Bengaluru,+Karnataka+560054&ved=2ahUKEwioiaTKsbmEAxUB3YQAHWRpA6YQ48ADegUIABCLAQ","2HP6+FQ4, 1st E Cross Rd, near Lakshmi Tent, Gokula Extension, Mathikere Extension, Mathikere, Bengaluru, Karnataka 560054","13.035947616952","77.561122846812","4.9","6:30 PM"
"Vasudha Plumbing Works (Shivaganga Hardware)","09741412188","https://lh5.googleusercontent.com/p/AF1QipNqOZ8O65QtskCTrA43VGvPEz8FBaZh8ihQzpVQ=w114-h114-n-k-no","https://maps.google.com/maps?um=1&fb=1&gl=in&sa=X&geocode=KancGBY8Ea47MYfLXlJgSZH4&daddr=Pattandur+Agrahara,+Whitefield,+Bengaluru,+Karnataka+560066&ved=2ahUKEwioiaTKsbmEAxUB3YQAHWRpA6YQ48ADegUIABCSAQ","Pattandur Agrahara, Whitefield, Bengaluru, Karnataka 560066","12.981406015443","77.737819968861","4.4","6:30 PM"
"Vinayaka Plumbing Works","07718158074","https://streetviewpixels-pa.googleapis.com/v1/thumbnail?panoid=4RnMUlF1hfuJG_CgGiZCow&cb_client=geo_services_immersive.gps&w=144&h=144&yaw=254.86952&pitch=0&thumbfov=100","https://maps.google.com/maps?um=1&fb=1&gl=in&sa=X&geocode=KbO0W5DjFa47MUYVCB9aOYc3&daddr=Corporation+%28union%29+Bank,+Nrupathunga+Nagar,+8th+Phase,+J.+P.+Nagar,+Bengaluru,+Kothnur,+Karnataka+560078&ved=2ahUKEwioiaTKsbmEAxUB3YQAHWRpA6YQ48ADegUIABCbAQ","Corporation (union) Bank, Nrupathunga Nagar, 8th Phase, J. P. Nagar, Bengaluru, Kothnur, Karnataka 560078","12.89799","77.575766435","4.4","6:30 PM"
"Electrical & plumbing work","08660174785","https://lh5.googleusercontent.com/p/AF1QipNpn-gnm-cqpkTwx-Dvpm9rcWrWsA_NrAB60QlI=w114-h114-n-k-no","https://maps.google.com/maps?um=1&fb=1&gl=in&sa=X&geocode=KVdQLQlkF647MRTNKN5u2lzU&daddr=Old+Madras+Rd,+Bazaar+St,+stets,+Gupta+Layout,+Indiranagar,+Bengaluru,+Karnataka+560008&ved=2ahUKEwioiaTKsbmEAxUB3YQAHWRpA6YQ48ADegUIABClAQ","Old Madras Rd, Bazaar St, stets, Gupta Layout, Indiranagar, Bengaluru, Karnataka 560008","12.98225263301","77.632745795156","5.0","6:30 PM"
"No problem plumbing and home maintenance service","08023113374","https://lh5.googleusercontent.com/p/AF1QipOjRQVRuK1M-zM2kLWIgTNzR7RS6RccIglTsFr_=w114-h114-n-k-no","https://maps.google.com/maps?um=1&fb=1&gl=in&sa=X&geocode=KT3ylswtFa47Me_pQEvDxLtX&daddr=4,+6th+Main+Rd,+Gopalappa+Layout,+Lakkasandra,+Lakkasandra+Extension,+Wilson+Garden,+Bengaluru,+Karnataka+560030&ved=2ahUKEwioiaTKsbmEAxUB3YQAHWRpA6YQ48ADegUIABCwAQ","4, 6th Main Rd, Gopalappa Layout, Lakkasandra, Lakkasandra Extension, Wilson Garden, Bengaluru, Karnataka 560030","12.947800007159","77.59939003624","4.6","6:30 PM"
"Plumber work in bangalore","09964341405","https://lh5.googleusercontent.com/p/AF1QipMxJJGV12v6xjUeiNrr6gdbEAXQ74ALsdRRlvj1=w114-h114-n-k-no","https://maps.google.com/maps?um=1&fb=1&gl=in&sa=X&geocode=KfMdzddJEa47MQId8ztoQbWX&daddr=Second+Phase,+KR+Defense+Colony,+Virgonagar,+Cheemasandra,+Bengaluru,+Karnataka+560049&ved=2ahUKEwioiaTKsbmEAxUB3YQAHWRpA6YQ48ADegUIABC5AQ","Second Phase, KR Defense Colony, Virgonagar, Cheemasandra, Bengaluru, Karnataka 560049","13.048268026699","77.719803752213","5.0","6:30 PM"
"Padma plumbing services","09980985896","https://lh5.googleusercontent.com/p/AF1QipNVeygj3S7JogoNUeHbaNYDQNlkv7d6CIUw_oqW=w114-h114-n-k-no","https://maps.google.com/maps?um=1&fb=1&gl=in&sa=X&geocode=KWNvUL9uE647MVJg4ulsq1Gy&daddr=Cluster_bellanduru+14,+58,+Kasavanahalli+Village,+Marathahalli,+Bengaluru,+Karnataka+560087&ved=2ahUKEwiW1fHgsbmEAxWW0oQAHZZGC30Q48ADegQIABAr","Cluster_bellanduru 14, 58, Kasavanahalli Village, Marathahalli, Bengaluru, Karnataka 560087","12.93722","77.74396334","5.0","6:30 PM"
"Sai Plumbing & painting works","07978691230","https://lh5.googleusercontent.com/p/AF1QipOyRA_yOl5-k4btjVxS_kyCrKnLV2g8nAkxloKG=w114-h114-n-k-no","https://maps.google.com/maps?um=1&fb=1&gl=in&sa=X&geocode=KYs9bJldGK47Mcsj9th79s29&daddr=Railway+gate,+52/16+Singanayakanahalli,+Yelahanka,+Bengaluru,+Karnataka+560064&ved=2ahUKEwiW1fHgsbmEAxWW0oQAHZZGC30Q48ADegQIABAy","Railway gate, 52/16 Singanayakanahalli, Yelahanka, Bengaluru, Karnataka 560064","13.096937738482","77.594878264201","4.0","6:30 PM"
"Samal enterprises","08073211011","https://lh5.googleusercontent.com/p/AF1QipMOS3ygJiKonq0e4F2XoRVM61_d3wZi63YDvDVR=w114-h114-n-k-no","https://maps.google.com/maps?um=1&fb=1&gl=in&sa=X&geocode=KUGv1dfYEa47MX4KEN_NtyBq&daddr=Muneswara+Layout,+New+Thippsandra,+Indiranagar,+Bengaluru,+Karnataka+560038&ved=2ahUKEwiW1fHgsbmEAxWW0oQAHZZGC30Q48ADegQIABA8","Muneswara Layout, New Thippsandra, Indiranagar, Bengaluru, Karnataka 560038","12.978823779609","77.644169738078","4.2","06:00 PM"
"Sriram plumbing enterprise","07026271650","https://lh5.googleusercontent.com/p/AF1QipNIsDWZkFajAi2lRByLfpZtuoqhDXHduGJomnts=w114-h114-n-k-no","https://maps.google.com/maps?um=1&fb=1&gl=in&sa=X&geocode=KVPAAGfCF647MVgE2GQ9ONKS&daddr=Krishna+Playa,+2nd+main,+2nd+Cross+Rd,+Indira+nager,+ngef+84,+Bengaluru,+Karnataka+560038&ved=2ahUKEwiW1fHgsbmEAxWW0oQAHZZGC30Q48ADegQIABBC","Krishna Playa, 2nd main, 2nd Cross Rd, Indira nager, ngef 84, Bengaluru, Karnataka 560038","12.968460015472","77.645120023585","5.0","6:30 PM"
"Mikael Enterprises plumbing services","09945632505","https://streetviewpixels-pa.googleapis.com/v1/thumbnail?panoid=0NgGZ8CtqCqZlgUprFb1iA&cb_client=geo_services_immersive.gps&w=144&h=144&yaw=303.33536&pitch=0&thumbfov=100","https://maps.google.com/maps?um=1&fb=1&gl=in&sa=X&geocode=KQFbJIDkF647MeC2fmKzF2aE&daddr=Amna+Mansion,+8/3,+Modi+Garden,+Kaval+Bairasandra,+Bengaluru,+Karnataka+560032&ved=2ahUKEwiW1fHgsbmEAxWW0oQAHZZGC30Q48ADegQIABBJ","Amna Mansion, 8/3, Modi Garden, Kaval Bairasandra, Bengaluru, Karnataka 560032","13.022429609596","77.60649324965","5.0","08:00 PM"
"Plumbing Services & Electrical works in whitefield","09663303924","https://streetviewpixels-pa.googleapis.com/v1/thumbnail?panoid=l6KgZWhynCl2ebo1_AJzPA&cb_client=geo_services_immersive.gps&w=144&h=144&yaw=338.8704&pitch=0&thumbfov=100","https://maps.google.com/maps?um=1&fb=1&gl=in&sa=X&geocode=KUGvRd_8Da47MUBnOEhTA1Wi&daddr=7th+Cross+Rd,+Gandhipuram,+Whitefield,+Bengaluru,+Karnataka+560066&ved=2ahUKEwiW1fHgsbmEAxWW0oQAHZZGC30Q48ADegQIABBQ","7th Cross Rd, Gandhipuram, Whitefield, Bengaluru, Karnataka 560066","12.97006057123","77.745133193667","4.7","6:30 PM"
"ServiceStop Home Services","07899139447","https://lh5.googleusercontent.com/p/AF1QipP4dmFb3rvPk2Q8KGZ-LRlzAg0N_uB_-yzqdwgY=w114-h114-n-k-no","https://maps.google.com/maps?um=1&fb=1&gl=in&sa=X&geocode=KQWHns0qFa47MRDGN4ErIkhv&daddr=No+786,+Rajendra+Nagar,+Koramangala,+Bengaluru,+Karnataka+560047&ved=2ahUKEwiW1fHgsbmEAxWW0oQAHZZGC30Q48ADegQIABBi","No 786, Rajendra Nagar, Koramangala, Bengaluru, Karnataka 560047","12.95198","77.61185","4.4","06:00 PM"
"Zam Zam Plumbing Work","07899071832","https://lh5.googleusercontent.com/p/AF1QipPrLsrOvMiapBdo-ldu7BS_cT84u-YDDbmENxQs=w114-h114-n-k-no","https://maps.google.com/maps?um=1&fb=1&gl=in&sa=X&geocode=KfXAEFhkFa47MRd549ke2PHM&daddr=Shop+No.62/A,+4th+Cross,+6th+Phase,+JP+Nagar+Post,+RV+Rd,+Ilyas+Nagar,+Kumaraswamy+Layout,+Bengaluru,+Karnataka+560078&ved=2ahUKEwiW1fHgsbmEAxWW0oQAHZZGC30Q48ADegQIABBp","Shop No.62/A, 4th Cross, 6th Phase, JP Nagar Post, RV Rd, Ilyas Nagar, Kumaraswamy Layout, Bengaluru, Karnataka 560078","12.906508143171","77.570155651201","5.0","09:00 PM"
"Painter building contractors in bangalore Plumbers Carpenter Services in Bengaluru","09620503206","//lh5.googleusercontent.com/proxy/hhCcZn4KV4bPC_F0jfD61C6UVURyJWHC4qF4L3x73rHxYK8MNm3uv4Q0-bwsYDU7W5dUhL-VRrGJJ_Hf0NG-Kc65oHGJyasiIIY3njou8BQhDg8ardqN7_f1D068NoG0ovUg4uxSdLdK9pEjsGDZOCZ-i4Q8kKOKIBdlZv1u3LQ9uQ8E-nZC2g=w144-h144-n-k-no","https://maps.google.com/maps?um=1&fb=1&gl=in&sa=X&geocode=KS-CfFu3h20IMRTqk-T9nBqx&daddr=30-20,+11th+Main+Rd,+Nataraja+Layout,+Santrupthi+Nagar,+JP+Nagar+7th+Phase,+Arekere,+Bengaluru,+Karnataka+560078&ved=2ahUKEwiW1fHgsbmEAxWW0oQAHZZGC30Q48ADegQIABBz","30-20, 11th Main Rd, Nataraja Layout, Santrupthi Nagar, JP Nagar 7th Phase, Arekere, Bengaluru, Karnataka 560078","12.912280016072","77.574610029149","4.6","6:30 PM"
"Guna Grouting works","08310425173","https://lh5.googleusercontent.com/p/AF1QipONfRuew9r4n_zyADl8650HRGbVgHFFNU26OWy2=w114-h114-n-k-no","https://maps.google.com/maps?um=1&fb=1&gl=in&sa=X&geocode=KU3VQvfQF647MYQ1CXNq4AJI&daddr=Kauser+Nagar,+Dinnur,+RT+Nagar,+Bengaluru,+Karnataka+560032&ved=2ahUKEwiW1fHgsbmEAxWW0oQAHZZGC30Q48ADegQIABB9","Kauser Nagar, Dinnur, RT Nagar, Bengaluru, Karnataka 560032","13.025650233649","77.596116026624","5.0","6:30 PM"
"Burhan Enterprises","09845646081","https://lh5.googleusercontent.com/p/AF1QipMvUo-IkVhI5YlIljtfbxtTPNt_p3klMTyWw4fP=w114-h114-n-k-no","https://maps.google.com/maps?um=1&fb=1&gl=in&sa=X&geocode=KZl10Hryba47MWa_wjCSY0-8&daddr=Veer+Sandra,+Electronic+City,+Bengaluru,+Karnataka+560100&ved=2ahUKEwiW1fHgsbmEAxWW0oQAHZZGC30Q48ADegUIABCDAQ","Veer Sandra, Electronic City, Bengaluru, Karnataka 560100","12.838440556573","77.673617722615","5.0","10:00 PM"
"Jagannath multiple work","09019120183","https://lh5.googleusercontent.com/p/AF1QipNfArOrH8pNxvF-IDcnwZdhDGuI91Ajo6ij4KmI=w114-h114-n-k-no","https://maps.google.com/maps?um=1&fb=1&gl=in&sa=X&geocode=KSvMa7o2Fa47MdLHDroZii8m&daddr=%23135/B+2nd+main+Road+Ilyas+Nagar+JP+Nagar,+post,+Bengaluru,+Karnataka+560078&ved=2ahUKEwiW1fHgsbmEAxWW0oQAHZZGC30Q48ADegUIABCTAQ","#135/B 2nd main Road Ilyas Nagar JP Nagar, post, Bengaluru, Karnataka 560078","12.911339985631","77.59260999858","5.0","6:30 PM"
"Mohammed's plumbing solutions","07975222493","https://lh5.googleusercontent.com/p/AF1QipOKKH7LAaThThlVvhwdTQyfv-3LIT40SeTQw0EY=w114-h114-n-k-no","https://maps.google.com/maps?um=1&fb=1&gl=in&sa=X&geocode=KefJ-jKOEa47MdOAg8nLS4Fo&daddr=179,+1st+Main+Rd,+NGEF+Layout,+krishnapaliya,+surya+bekiry,+Bengaluru,+Karnataka+560038&ved=2ahUKEwiW1fHgsbmEAxWW0oQAHZZGC30Q48ADegUIABCeAQ","179, 1st Main Rd, NGEF Layout, krishnapaliya, surya bekiry, Bengaluru, Karnataka 560038","12.957929998151","77.65451999272","5.0","6:30 PM"
"Smart Plumbers - Plumbing Work and Services","09036089123","https://lh5.googleusercontent.com/p/AF1QipM0_oXaBIGdXFt9EoLqyTe2ApTkVkTKOFx87X9a=w114-h114-n-k-no","https://maps.google.com/maps?um=1&fb=1&gl=in&sa=X&geocode=KQ-5e5-nF647Mf1Z_bBEdiFf&daddr=Shop+Number-+24+,,+KHB+Colony+Main+Rd,+R.+T.+Nagar,+Hanumanthappa+Layout,+Sultanpalya,+Hebbal,+Bengaluru,+Karnataka+560032&ved=2ahUKEwiW1fHgsbmEAxWW0oQAHZZGC30Q48ADegUIABCnAQ","Shop Number- 24 ,, KHB Colony Main Rd, R. T. Nagar, Hanumanthappa Layout, Sultanpalya, Hebbal, Bengaluru, Karnataka 560032","13.040690018349","77.599530014023","3.5","09:00 PM"
"HOME SERVICES","09353497181","https://lh5.googleusercontent.com/p/AF1QipM4uN9cUMhEvZRa1onRwVuHSOmXCkSGYBfNTr0=w114-h114-n-k-no","https://maps.google.com/maps?um=1&fb=1&gl=in&sa=X&geocode=KVWIG20UFa47MZQuWs-LQxe3&daddr=%2327,+venkateshware+Complex,+Tavarekere+Main+Rd,+BTM+1st+Stage,+Bengaluru,+Karnataka+560029&ved=2ahUKEwjB6dT0sbmEAxW-4oQAHfkJDNQQ48ADegQIABAr","#27, venkateshware Complex, Tavarekere Main Rd, BTM 1st Stage, Bengaluru, Karnataka 560029","12.919044282746","77.607678404484","4.3","6:30 PM"
"S L N Electricals & Plumbing (S L N Water connection & Sanitary Contractors)","08023113374","https://streetviewpixels-pa.googleapis.com/v1/thumbnail?panoid=B9ETUMtRSt7Z2cIj-e3unA&cb_client=geo_services_immersive.gps&w=144&h=144&yaw=10.092113&pitch=0&thumbfov=100","https://maps.google.com/maps?um=1&fb=1&gl=in&sa=X&geocode=Kc84NB51Pq47MRm_hjJqJwTR&daddr=552,+7th+Main,+4th+Cross,+Vijayanagar+2nd+stage,+Hampi+Nagar,+RPC+Layout,+Bengaluru,+Karnataka+560040&ved=2ahUKEwjB6dT0sbmEAxW-4oQAHfkJDNQQ48ADegQIABAy","552, 7th Main, 4th Cross, Vijayanagar 2nd stage, Hampi Nagar, RPC Layout, Bengaluru, Karnataka 560040","12.972200020669","77.539680040227","3.7","6:30 PM"
"Home Blink Services","09901516431","https://lh5.googleusercontent.com/p/AF1QipPl_PrVyWOyRshbLY86F7jDS5OMUg0SIao1tOsR=w114-h114-n-k-no","https://maps.google.com/maps?um=1&fb=1&gl=in&sa=X&geocode=KVeo_dIaJ68EMXJ-DXNI9bGj&daddr=opp.+Everest+theatre,+Pulikeshi+Nagar,+Bengaluru,+Karnataka+560045&ved=2ahUKEwjB6dT0sbmEAxW-4oQAHfkJDNQQ48ADegQIABA9","opp. Everest theatre, Pulikeshi Nagar, Bengaluru, Karnataka 560045","13.034174544999","77.620610627048","4.9","6:30 PM"
"Sri Manjunatha Swamy Plumbing Works","07019322262","https://lh5.googleusercontent.com/p/AF1QipPRp5AsfpA-7eM_BO0qkNEHCogQKC6WitK9D_5-=w114-h114-n-k-no","https://maps.google.com/maps?um=1&fb=1&gl=in&sa=X&geocode=KYELTRfBEa47MazZPRcfDLPe&daddr=Anjeneya+Temple,+Street,+Nagvarpalya,+193/2,+13th+Cross+Rd,+C+V+Raman+Nagar,+Bengaluru,+Karnataka+560093&ved=2ahUKEwjB6dT0sbmEAxW-4oQAHfkJDNQQ48ADegQIABBE","Anjeneya Temple, Street, Nagvarpalya, 193/2, 13th Cross Rd, C V Raman Nagar, Bengaluru, Karnataka 560093","12.97693001245","77.663210014656","3.7","10:00 PM"
"Seetharam Electricals And Plumbing Works","09945785230","https://streetviewpixels-pa.googleapis.com/v1/thumbnail?panoid=1d71XyXg13i__gGWJSaDvQ&cb_client=geo_services_immersive.gps&w=144&h=144&yaw=211.15909&pitch=0&thumbfov=100","https://maps.google.com/maps?um=1&fb=1&gl=in&sa=X&geocode=KYeaMsaYFq47MRJuMr_9AFCg&daddr=Halasuru,+Lingayana+Palya,+Bengaluru,+Karnataka+560008&ved=2ahUKEwjB6dT0sbmEAxW-4oQAHfkJDNQQ48ADegQIABBL","Halasuru, Lingayana Palya, Bengaluru, Karnataka 560008","12.977228406323","77.624486115713","3.8","6:30 PM"
"A one plumbing service","09738034752","https://lh5.googleusercontent.com/p/AF1QipPytoJpjuUVL_F-rlH6YmwMyTys2XoToiBogQRK=w114-h114-n-k-no","https://maps.google.com/maps?um=1&fb=1&gl=in&sa=X&geocode=Kd_k5T0HP647MSwtomZ39A7p&daddr=%237+5th+b.+cross+shamanna+Garden,+Mysore+Rd,+Bengaluru,+Karnataka+560026&ved=2ahUKEwjB6dT0sbmEAxW-4oQAHfkJDNQQ48ADegQIABBU","#7 5th b. cross shamanna Garden, Mysore Rd, Bengaluru, Karnataka 560026","12.961028544806","77.543191698146","5.0","10:00 PM"
"Gapoon","08105826091","https://lh5.googleusercontent.com/p/AF1QipOvPXOTKC_eMXQHxJuxuW7XBuSRCWqzSeOLZ8vY=w114-h114-n-k-no","https://maps.google.com/maps?um=1&fb=1&gl=in&sa=X&geocode=KYl7yrd6E647MQVsuPfkj_vl&daddr=Building+No+1735,+2nd+Floor,+19th+Main+Road,+Sector+2,+HSR+Layout,+Bengaluru,+Karnataka+560102&ved=2ahUKEwjB6dT0sbmEAxW-4oQAHfkJDNQQ48ADegQIABBe","Building No 1735, 2nd Floor, 19th Main Road, Sector 2, HSR Layout, Bengaluru, Karnataka 560102","12.904930008997","77.644389959818","3.7","6:30 PM"
"Sri Vinayaka Plumbing Works","09341719679","https://lh5.googleusercontent.com/p/AF1QipNJsA84zcY95VskKzrTX0s9e-m4jR2fhJr_WDFF=w114-h114-n-k-no","https://maps.google.com/maps?um=1&fb=1&gl=in&sa=X&geocode=KQXZircLFa47MY0LamMcm1cR&daddr=3Rd,+Shop+No+1841,+Cross,+18th+Main+Rd,+near+Pavithra+Engineering+Works,+MTB+Area,+4th+T+Block+East,+Bengaluru,+Karnataka+560041&ved=2ahUKEwjB6dT0sbmEAxW-4oQAHfkJDNQQ48ADegQIABBn","3Rd, Shop No 1841, Cross, 18th Main Rd, near Pavithra Engineering Works, MTB Area, 4th T Block East, Bengaluru, Karnataka 560041","12.918260001074","77.58903997838","5.0","6:30 PM"
"Si technology services","08073520964","https://lh5.googleusercontent.com/p/AF1QipOhU2ewo9381LmXSLhX0ZBy0EEHBB-7B8PBSX04=w114-h114-n-k-no","https://maps.google.com/maps?um=1&fb=1&gl=in&sa=X&geocode=KRM0rV2IFa47MW8LPSXvpFGZ&daddr=15/1+moodalappa+cross+Doddamavalli+Near+lG+bakery,+Susheela+Rd,+landmark,+Bengaluru,+Karnataka+560004&ved=2ahUKEwjB6dT0sbmEAxW-4oQAHfkJDNQQ48ADegQIABBu","15/1 moodalappa cross Doddamavalli Near lG bakery, Susheela Rd, landmark, Bengaluru, Karnataka 560004","12.937840001163","77.57537001631","5.0","6:30 PM"
"Arunraj - Electrician & Plumber","08022115742","https://lh5.googleusercontent.com/p/AF1QipNuPTxWBj94YbdoTsAG73ITDr6cmoS9M0TaIEgS=w114-h114-n-k-no","https://maps.google.com/maps?um=1&fb=1&gl=in&sa=X&geocode=KetGF5kEF647MYAhfxnQ4DR9&daddr=32/47,+Yaseen+Nagar,+Stage+1,+HBR+Layout,+Bengaluru,+Karnataka+560043&ved=2ahUKEwjB6dT0sbmEAxW-4oQAHfkJDNQQ48ADegQIABB1","32/47, Yaseen Nagar, Stage 1, HBR Layout, Bengaluru, Karnataka 560043","13.04744998135","77.633279998616","5.0","07:00 PM"
"Sri Sai Ganesh Plumbing Works","09632442418","https://lh5.googleusercontent.com/p/AF1QipMf3fyAx8P7j6K3sQLyjw55YrX6WRo323yFyHZq=w114-h114-n-k-no","https://maps.google.com/maps?um=1&fb=1&gl=in&sa=X&geocode=KYuQbki4F647MSQS7xyMv98y&daddr=Kamal+silk+building,+No.18,+Ground+floor,+11th+Cross,+Cubbonpete,+Bengaluru,+Karnataka+560002&ved=2ahUKEwjB6dT0sbmEAxW-4oQAHfkJDNQQ48ADegUIABCEAQ","Kamal silk building, No.18, Ground floor, 11th Cross, Cubbonpete, Bengaluru, Karnataka 560002","12.96403","77.57762078","5.0","6:30 PM"
"Sree Manjunatha Engineering Works (~Plumbing & Sanitary~)","09845872489","https://lh5.googleusercontent.com/p/AF1QipOok0p9xxPIaU7Qpec2h2nMj3zIpo1ug3T63KGQ=w114-h114-n-k-no","https://maps.google.com/maps?um=1&fb=1&gl=in&sa=X&geocode=KaWxd7qjP647MXQtOa1nzINd&daddr=254,+Kanaka+Layout,+Gowdanapalya,+Uttarahalli+Hobli,+Bengaluru,+Karnataka+560061&ved=2ahUKEwjB6dT0sbmEAxW-4oQAHfkJDNQQ48ADegUIABCYAQ","254, Kanaka Layout, Gowdanapalya, Uttarahalli Hobli, Bengaluru, Karnataka 560061","12.912084671358","77.559489751757","5.0","6:30 PM"
"Bhavi plumbing services","08971196146","https://lh5.googleusercontent.com/p/AF1QipNWdnRBxaH7SLVdxNx0t34tiIFidjFNysFTh7ik=w114-h114-n-k-no","https://maps.google.com/maps?um=1&fb=1&gl=in&sa=X&geocode=KWEC0cFMFa47MXUhYnq5L5VE&daddr=No+867,+9th+Cross+Rd,+Lakshmi+Layout,+EWS+Colony,+BTM+2nd+Stage,+BTM+Layout,+Bengaluru,+Karnataka+560076&ved=2ahUKEwjB6dT0sbmEAxW-4oQAHfkJDNQQ48ADegUIABCfAQ","No 867, 9th Cross Rd, Lakshmi Layout, EWS Colony, BTM 2nd Stage, BTM Layout, Bengaluru, Karnataka 560076","12.908959986134","77.610869974648","4.5","6:30 PM"
"Balaji plumbing works","09060022900","https://lh5.googleusercontent.com/p/AF1QipPiu5liz5Rob9gPT5G2Q0shWdNa6RxCF9eCHz2B=w114-h114-n-k-no","https://maps.google.com/maps?um=1&fb=1&gl=in&sa=X&geocode=KaNL6pthFq47MbrNNQmarX1W&daddr=%236/1,+C+No.+1st+Street,+Opposite+To+Golden+Chicken,+HKP+Road+Broadway+Cross,+Bengaluru,+Karnataka+560051&ved=2ahUKEwjB6dT0sbmEAxW-4oQAHfkJDNQQ48ADegUIABClAQ","#6/1, C No. 1st Street, Opposite To Golden Chicken, HKP Road Broadway Cross, Bengaluru, Karnataka 560051","12.986769989592","77.603489960359","5.0","6:30 PM"
